[2026-06-05 13:46:32Z INFO HostContext] No proxy settings were found based on environmental variables (http_proxy/https_proxy/HTTP_PROXY/HTTPS_PROXY)
[2026-06-05 13:46:32Z INFO HostContext] Well known directory 'Bin': 'C:\Users\Levi\Desktop\Attachment\SD Seminar\actions-runner\bin'
[2026-06-05 13:46:32Z INFO HostContext] Well known directory 'Root': 'C:\Users\Levi\Desktop\Attachment\SD Seminar\actions-runner'
[2026-06-05 13:46:32Z INFO HostContext] Well known config file 'Credentials': 'C:\Users\Levi\Desktop\Attachment\SD Seminar\actions-runner\.credentials'
[2026-06-05 13:46:32Z INFO HostContext] Well known directory 'Bin': 'C:\Users\Levi\Desktop\Attachment\SD Seminar\actions-runner\bin'
[2026-06-05 13:46:32Z INFO HostContext] Well known directory 'Root': 'C:\Users\Levi\Desktop\Attachment\SD Seminar\actions-runner'
[2026-06-05 13:46:32Z INFO HostContext] Well known config file 'Runner': 'C:\Users\Levi\Desktop\Attachment\SD Seminar\actions-runner\.runner'
[2026-06-05 13:46:32Z INFO Worker] Version: 2.334.0
[2026-06-05 13:46:32Z INFO Worker] Commit: f1995ede5d885c997d13d8eca5467c4ce97fe69c
[2026-06-05 13:46:32Z INFO Worker] Culture: en-KE
[2026-06-05 13:46:32Z INFO Worker] UI Culture: en-US
[2026-06-05 13:46:32Z INFO Worker] Waiting to receive the job message from the channel.
[2026-06-05 13:46:32Z INFO ProcessChannel] Receiving message of length 23752, with hash 'a494488a52acf45ce2a3be14c35587ce4c7d680481ab951c92605b1e5f3fb219'
[2026-06-05 13:46:32Z INFO Worker] Message received.
[2026-06-05 13:46:32Z INFO Worker] Job message:
 {
  "fileTable": [
    ".github/workflows/ci-cd.yml"
  ],
  "mask": [
    {
      "type": "regex",
      "value": "***"
    },
    {
      "type": "regex",
      "value": "***"
    },
    {
      "type": "regex",
      "value": "***"
    },
    {
      "type": "regex",
      "value": "***"
    },
    {
      "type": "regex",
      "value": "***"
    },
    {
      "type": "regex",
      "value": "***"
    },
    {
      "type": "regex",
      "value": "***"
    },
    {
      "type": "regex",
      "value": "***"
    },
    {
      "type": "regex",
      "value": "***"
    },
    {
      "type": "regex",
      "value": "***"
    },
    {
      "type": "regex",
      "value": "***"
    },
    {
      "type": "regex",
      "value": "***"
    },
    {
      "type": "regex",
      "value": "***"
    },
    {
      "type": "regex",
      "value": "***"
    },
    {
      "type": "regex",
      "value": "***"
    },
    {
      "type": "regex",
      "value": "***"
    },
    {
      "type": "regex",
      "value": "***"
    },
    {
      "type": "regex",
      "value": "***"
    },
    {
      "type": "regex",
      "value": "***"
    },
    {
      "type": "regex",
      "value": "***"
    },
    {
      "type": "regex",
      "value": "***"
    },
    {
      "type": "regex",
      "value": "***"
    },
    {
      "type": "regex",
      "value": "***"
    },
    {
      "type": "regex",
      "value": "***"
    }
  ],
  "steps": [
    {
      "type": "action",
      "reference": {
        "type": "repository",
        "name": "actions/checkout",
        "ref": "v4",
        "repositoryType": "GitHub"
      },
      "displayNameToken": {
        "type": 0,
        "file": 1,
        "line": 14,
        "col": 15,
        "lit": "Checkout repository"
      },
      "contextName": "__actions_checkout",
      "condition": "success()",
      "id": "5b4d3d3c-a41c-4d79-bc0a-9e7c84a74bf5",
      "name": "__actions_checkout"
    },
    {
      "type": "action",
      "reference": {
        "type": "script"
      },
      "displayNameToken": {
        "type": 0,
        "file": 1,
        "line": 17,
        "col": 15,
        "lit": "Setup PowerShell"
      },
      "contextName": "__run",
      "inputs": {
        "type": 2,
        "map": [
          {
            "key": "script",
            "value": {
              "type": 0,
              "file": 1,
              "line": 19,
              "col": 14,
              "lit": "Write-Host \"Starting Build Process...\"\n"
            }
          },
          {
            "key": "shell",
            "value": {
              "type": 0,
              "file": 1,
              "line": 18,
              "col": 16,
              "lit": "pwsh"
            }
          }
        ]
      },
      "condition": "success()",
      "id": "cd9a4e00-9ea4-40e7-8578-964b8d96809f",
      "name": "__run"
    },
    {
      "type": "action",
      "reference": {
        "type": "script"
      },
      "displayNameToken": {
        "type": 0,
        "file": 1,
        "line": 22,
        "col": 15,
        "lit": "Install BcContainerHelper"
      },
      "contextName": "__run_2",
      "inputs": {
        "type": 2,
        "map": [
          {
            "key": "script",
            "value": {
              "type": 0,
              "file": 1,
              "line": 24,
              "col": 14,
              "lit": "Install-Module BcContainerHelper -Force -Scope CurrentUser\n"
            }
          },
          {
            "key": "shell",
            "value": {
              "type": 0,
              "file": 1,
              "line": 23,
              "col": 16,
              "lit": "pwsh"
            }
          }
        ]
      },
      "condition": "success()",
      "id": "a371c553-7c0a-4edc-876c-016e65d5d5c3",
      "name": "__run_2"
    },
    {
      "type": "action",
      "reference": {
        "type": "script"
      },
      "displayNameToken": {
        "type": 0,
        "file": 1,
        "line": 27,
        "col": 15,
        "lit": "Compile AL project"
      },
      "contextName": "__run_3",
      "inputs": {
        "type": 2,
        "map": [
          {
            "key": "script",
            "value": {
              "type": 0,
              "file": 1,
              "line": 29,
              "col": 14,
              "lit": "# Path where your AL project is...\n$projectPath = \"$(Get-Location)\"\n\n# Output folder for app\n$outputPath = \"$projectPath\\output\"\n\nNew-Item -ItemType Directory -Force -Path $outputPath\n\n# Build app using AL compiler (inside container context)\nCompile-AppInBcContainer `\n  -containerName \"bcserver\" `\n  -appProjectFolder $projectPath `\n  -appOutputFolder $outputPath\n"
            }
          },
          {
            "key": "shell",
            "value": {
              "type": 0,
              "file": 1,
              "line": 28,
              "col": 16,
              "lit": "pwsh"
            }
          }
        ]
      },
      "condition": "success()",
      "id": "27fa2d14-f311-4254-b1f6-5c48883f4dda",
      "name": "__run_3"
    },
    {
      "type": "action",
      "reference": {
        "type": "repository",
        "name": "actions/upload-artifact",
        "ref": "v4",
        "repositoryType": "GitHub"
      },
      "displayNameToken": {
        "type": 0,
        "file": 1,
        "line": 44,
        "col": 15,
        "lit": "Upload artifact (.app file)"
      },
      "contextName": "__actions_upload-artifact",
      "inputs": {
        "type": 2,
        "file": 1,
        "line": 47,
        "col": 11,
        "map": [
          {
            "key": {
              "type": 0,
              "file": 1,
              "line": 47,
              "col": 11,
              "lit": "name"
            },
            "value": {
              "type": 0,
              "file": 1,
              "line": 47,
              "col": 17,
              "lit": "bc-extension"
            }
          },
          {
            "key": {
              "type": 0,
              "file": 1,
              "line": 48,
              "col": 11,
              "lit": "path"
            },
            "value": {
              "type": 0,
              "file": 1,
              "line": 48,
              "col": 17,
              "lit": "output/*.app"
            }
          }
        ]
      },
      "condition": "success()",
      "id": "36eddd3d-5999-497d-8ae9-6bf10d412b46",
      "name": "__actions_upload-artifact"
    }
  ],
  "variables": {
    "Actions.EnableHttpRedirects": {
      "value": "true"
    },
    "DistributedTask.AddWarningToNode12Action": {
      "value": "true"
    },
    "DistributedTask.AddWarningToNode16Action": {
      "value": "true"
    },
    "DistributedTask.AllowRunnerContainerHooks": {
      "value": "true"
    },
    "DistributedTask.DeprecateStepOutputCommands": {
      "value": "true"
    },
    "DistributedTask.DetailUntarFailure": {
      "value": "true"
    },
    "DistributedTask.EnableCompositeActions": {
      "value": "true"
    },
    "DistributedTask.EnableJobServerQueueTelemetry": {
      "value": "true"
    },
    "DistributedTask.EnhancedAnnotations": {
      "value": "true"
    },
    "DistributedTask.ForceGithubJavascriptActionsToNode16": {
      "value": "true"
    },
    "DistributedTask.ForceGithubJavascriptActionsToNode20": {
      "value": "true"
    },
    "DistributedTask.LogTemplateErrorsAsDebugMessages": {
      "value": "true"
    },
    "DistributedTask.MarkJobAsFailedOnWorkerCrash": {
      "value": "true"
    },
    "DistributedTask.NewActionMetadata": {
      "value": "true"
    },
    "DistributedTask.UploadStepSummary": {
      "value": "true"
    },
    "DistributedTask.UseActionArchiveCache": {
      "value": "true"
    },
    "DistributedTask.UseWhich2": {
      "value": "true"
    },
    "RunService.FixEmbeddedIssues": {
      "value": "true"
    },
    "actions.runner.requirenode24": {
      "value": "false"
    },
    "actions.runner.usenode24bydefault": {
      "value": "false"
    },
    "actions.runner.warnonnode20": {
      "value": "true"
    },
    "actions_add_check_run_id_to_job_context": {
      "value": "true"
    },
    "actions_batch_action_resolution": {
      "value": "false"
    },
    "actions_container_action_runner_temp": {
      "value": "true"
    },
    "actions_display_helpful_actions_download_errors": {
      "value": "true"
    },
    "actions_runner_compare_workflow_parser": {
      "value": "false"
    },
    "actions_runner_deprecate_linux_arm32": {
      "value": "false"
    },
    "actions_runner_emit_composite_markers": {
      "value": "false"
    },
    "actions_runner_kill_linux_arm32": {
      "value": "false"
    },
    "actions_runner_node20_removal_date": {
      "value": ""
    },
    "actions_runner_node24_default_date": {
      "value": "June 16th, 2026"
    },
    "actions_service_container_command": {
      "value": "true"
    },
    "actions_set_orchestration_id_env_for_actions": {
      "value": "true"
    },
    "actions_skip_retry_complete_job_upon_known_errors": {
      "value": "true"
    },
    "actions_snapshot_preflight_hosted_runner_check": {
      "value": "false"
    },
    "actions_snapshot_preflight_image_gen_pool_check": {
      "value": "false"
    },
    "actions_use_bearer_token_for_codeload": {
      "value": "false"
    },
    "actions_uses_cache_service_v2": {
      "value": "true"
    },
    "github_token": {
      "value": "***",
      "isSecret": true
    },
    "system.from_run_service": {
      "value": "true"
    },
    "system.github.job": {
      "value": "build"
    },
    "system.github.launch_endpoint": {
      "value": "https://launch.actions.githubusercontent.com"
    },
    "system.github.results_endpoint": {
      "value": "https://results-receiver.actions.githubusercontent.com/"
    },
    "system.github.results_upload_with_sdk": {
      "value": "true"
    },
    "system.github.token": {
      "value": "***",
      "isSecret": true
    },
    "system.github.token.permissions": {
      "value": "{\"Contents\":\"read\",\"Metadata\":\"read\",\"Packages\":\"read\"}"
    },
    "system.orchestrationId": {
      "value": "793bc2a6-62ba-4c4e-8bfc-a34ada35c502.build.__default"
    },
    "system.phaseDisplayName": {
      "value": "Build AL Extension"
    },
    "system.runner.lowdiskspacethreshold": {
      "value": "100"
    },
    "system.runnerEnvironment": {
      "value": "self-hosted"
    },
    "system.runnerGroupName": {
      "value": "Default"
    }
  },
  "messageType": "RunnerJobRequest",
  "plan": {
    "scopeIdentifier": "00000000-0000-0000-0000-000000000000",
    "planType": "actions",
    "version": 0,
    "planId": "793bc2a6-62ba-4c4e-8bfc-a34ada35c502",
    "planGroup": null,
    "artifactUri": null,
    "artifactLocation": null,
    "definition": null,
    "owner": null
  },
  "timeline": {
    "id": "793bc2a6-62ba-4c4e-8bfc-a34ada35c502",
    "changeId": 0,
    "location": null
  },
  "jobId": "df6476c5-50b5-5620-ab61-cfee8ad19d05",
  "jobDisplayName": "Build AL Extension",
  "jobName": "__default",
  "requestId": 0,
  "lockedUntil": "0001-01-01T00:00:00",
  "resources": {
    "endpoints": [
      {
        "data": {
          "ServerId": "",
          "ServerName": "",
          "CacheServerUrl": "https://artifactcache.actions.githubusercontent.com/3Vsa5lGMeo0qD5lWqpJvRpVZ4jlGQyNwyTJAEABVN9hQBacX6E/",
          "FeedStreamUrl": "wss://results-receiver.actions.githubusercontent.com/_ws/ingest.sock",
          "ResultsServiceUrl": "https://results-receiver.actions.githubusercontent.com/",
          "PipelinesServiceUrl": "https://pipelinesghubeus13.actions.githubusercontent.com/3Vsa5lGMeo0qD5lWqpJvRpVZ4jlGQyNwyTJAEABVN9hQBacX6E/",
          "GenerateIdTokenUrl": "",
          "ConnectivityChecks": "[\"https://broker.actions.githubusercontent.com/health\",\"https://token.actions.githubusercontent.com/ready\",\"https://run.actions.githubusercontent.com/health\"]"
        },
        "name": "SystemVssConnection",
        "url": "https://run-actions-1-azure-eastus.actions.githubusercontent.com/211/",
        "authorization": {
          "parameters": {
            "AccessToken": "***"
          },
          "scheme": "OAuth"
        },
        "isShared": false,
        "isReady": true
      }
    ]
  },
  "contextData": {
    "github": {
      "t": 2,
      "d": [
        {
          "k": "ref",
          "v": "refs/heads/main"
        },
        {
          "k": "sha",
          "v": "a74178c8f3cb9fe04169d87f7c35f949ceced2a6"
        },
        {
          "k": "repository",
          "v": "LeviNjoroge/SD-Seminar"
        },
        {
          "k": "repository_owner",
          "v": "LeviNjoroge"
        },
        {
          "k": "repository_owner_id",
          "v": "157218984"
        },
        {
          "k": "repositoryUrl",
          "v": "git://github.com/LeviNjoroge/SD-Seminar.git"
        },
        {
          "k": "run_id",
          "v": "27017520906"
        },
        {
          "k": "run_number",
          "v": "3"
        },
        {
          "k": "retention_days",
          "v": "90"
        },
        {
          "k": "run_attempt",
          "v": "1"
        },
        {
          "k": "artifact_cache_size_limit",
          "v": "10"
        },
        {
          "k": "repository_visibility",
          "v": "public"
        },
        {
          "k": "actor_id",
          "v": "157218984"
        },
        {
          "k": "actor",
          "v": "LeviNjoroge"
        },
        {
          "k": "workflow",
          "v": "BC CI/CD Pipeline"
        },
        {
          "k": "head_ref",
          "v": ""
        },
        {
          "k": "base_ref",
          "v": ""
        },
        {
          "k": "event_name",
          "v": "push"
        },
        {
          "k": "server_url",
          "v": "https://github.com"
        },
        {
          "k": "api_url",
          "v": "https://api.github.com"
        },
        {
          "k": "graphql_url",
          "v": "https://api.github.com/graphql"
        },
        {
          "k": "ref_name",
          "v": "main"
        },
        {
          "k": "ref_protected",
          "v": false
        },
        {
          "k": "ref_type",
          "v": "branch"
        },
        {
          "k": "secret_source",
          "v": "Actions"
        },
        {
          "k": "event",
          "v": {
            "t": 2,
            "d": [
              {
                "k": "after",
                "v": "a74178c8f3cb9fe04169d87f7c35f949ceced2a6"
              },
              {
                "k": "base_ref",
                "v": null
              },
              {
                "k": "before",
                "v": "63f03ca09c39cf8a64b76023b2de58fe8089532e"
              },
              {
                "k": "commits",
                "v": {
                  "t": 1,
                  "a": [
                    {
                      "t": 2,
                      "d": [
                        {
                          "k": "author",
                          "v": {
                            "t": 2,
                            "d": [
                              {
                                "k": "email",
                                "v": "levynjoroge1@gmail.com"
                              },
                              {
                                "k": "name",
                                "v": "LeviNjoroge"
                              },
                              {
                                "k": "username",
                                "v": "LeviNjoroge"
                              }
                            ]
                          }
                        },
                        {
                          "k": "committer",
                          "v": {
                            "t": 2,
                            "d": [
                              {
                                "k": "email",
                                "v": "levynjoroge1@gmail.com"
                              },
                              {
                                "k": "name",
                                "v": "LeviNjoroge"
                              },
                              {
                                "k": "username",
                                "v": "LeviNjoroge"
                              }
                            ]
                          }
                        },
                        {
                          "k": "distinct",
                          "v": true
                        },
                        {
                          "k": "id",
                          "v": "a74178c8f3cb9fe04169d87f7c35f949ceced2a6"
                        },
                        {
                          "k": "message",
                          "v": "debugging CI/CD"
                        },
                        {
                          "k": "timestamp",
                          "v": "2026-06-05T16:24:54+03:00"
                        },
                        {
                          "k": "tree_id",
                          "v": "737360cd2ff5028b5a994f8d0207ede9ea0ea682"
                        },
                        {
                          "k": "url",
                          "v": "https://github.com/LeviNjoroge/SD-Seminar/commit/a74178c8f3cb9fe04169d87f7c35f949ceced2a6"
                        }
                      ]
                    }
                  ]
                }
              },
              {
                "k": "compare",
                "v": "https://github.com/LeviNjoroge/SD-Seminar/compare/63f03ca09c39...a74178c8f3cb"
              },
              {
                "k": "created",
                "v": false
              },
              {
                "k": "deleted",
                "v": false
              },
              {
                "k": "forced",
                "v": false
              },
              {
                "k": "head_commit",
                "v": {
                  "t": 2,
                  "d": [
                    {
                      "k": "author",
                      "v": {
                        "t": 2,
                        "d": [
                          {
                            "k": "email",
                            "v": "levynjoroge1@gmail.com"
                          },
                          {
                            "k": "name",
                            "v": "LeviNjoroge"
                          },
                          {
                            "k": "username",
                            "v": "LeviNjoroge"
                          }
                        ]
                      }
                    },
                    {
                      "k": "committer",
                      "v": {
                        "t": 2,
                        "d": [
                          {
                            "k": "email",
                            "v": "levynjoroge1@gmail.com"
                          },
                          {
                            "k": "name",
                            "v": "LeviNjoroge"
                          },
                          {
                            "k": "username",
                            "v": "LeviNjoroge"
                          }
                        ]
                      }
                    },
                    {
                      "k": "distinct",
                      "v": true
                    },
                    {
                      "k": "id",
                      "v": "a74178c8f3cb9fe04169d87f7c35f949ceced2a6"
                    },
                    {
                      "k": "message",
                      "v": "debugging CI/CD"
                    },
                    {
                      "k": "timestamp",
                      "v": "2026-06-05T16:24:54+03:00"
                    },
                    {
                      "k": "tree_id",
                      "v": "737360cd2ff5028b5a994f8d0207ede9ea0ea682"
                    },
                    {
                      "k": "url",
                      "v": "https://github.com/LeviNjoroge/SD-Seminar/commit/a74178c8f3cb9fe04169d87f7c35f949ceced2a6"
                    }
                  ]
                }
              },
              {
                "k": "pusher",
                "v": {
                  "t": 2,
                  "d": [
                    {
                      "k": "email",
                      "v": "157218984+LeviNjoroge@users.noreply.github.com"
                    },
                    {
                      "k": "name",
                      "v": "LeviNjoroge"
                    }
                  ]
                }
              },
              {
                "k": "ref",
                "v": "refs/heads/main"
              },
              {
                "k": "repository",
                "v": {
                  "t": 2,
                  "d": [
                    {
                      "k": "allow_forking",
                      "v": true
                    },
                    {
                      "k": "archive_url",
                      "v": "https://api.github.com/repos/LeviNjoroge/SD-Seminar/{archive_format}{/ref}"
                    },
                    {
                      "k": "archived",
                      "v": false
                    },
                    {
                      "k": "assignees_url",
                      "v": "https://api.github.com/repos/LeviNjoroge/SD-Seminar/assignees{/user}"
                    },
                    {
                      "k": "blobs_url",
                      "v": "https://api.github.com/repos/LeviNjoroge/SD-Seminar/git/blobs{/sha}"
                    },
                    {
                      "k": "branches_url",
                      "v": "https://api.github.com/repos/LeviNjoroge/SD-Seminar/branches{/branch}"
                    },
                    {
                      "k": "clone_url",
                      "v": "https://github.com/LeviNjoroge/SD-Seminar.git"
                    },
                    {
                      "k": "collaborators_url",
                      "v": "https://api.github.com/repos/LeviNjoroge/SD-Seminar/collaborators{/collaborator}"
                    },
                    {
                      "k": "comments_url",
                      "v": "https://api.github.com/repos/LeviNjoroge/SD-Seminar/comments{/number}"
                    },
                    {
                      "k": "commits_url",
                      "v": "https://api.github.com/repos/LeviNjoroge/SD-Seminar/commits{/sha}"
                    },
                    {
                      "k": "compare_url",
                      "v": "https://api.github.com/repos/LeviNjoroge/SD-Seminar/compare/{base}...{head}"
                    },
                    {
                      "k": "contents_url",
                      "v": "https://api.github.com/repos/LeviNjoroge/SD-Seminar/contents/{+path}"
                    },
                    {
                      "k": "contributors_url",
                      "v": "https://api.github.com/repos/LeviNjoroge/SD-Seminar/contributors"
                    },
                    {
                      "k": "created_at",
                      "v": 1779691029.0
                    },
                    {
                      "k": "default_branch",
                      "v": "main"
                    },
                    {
                      "k": "deployments_url",
                      "v": "https://api.github.com/repos/LeviNjoroge/SD-Seminar/deployments"
                    },
                    {
                      "k": "description",
                      "v": null
                    },
                    {
                      "k": "disabled",
                      "v": false
                    },
                    {
                      "k": "downloads_url",
                      "v": "https://api.github.com/repos/LeviNjoroge/SD-Seminar/downloads"
                    },
                    {
                      "k": "events_url",
                      "v": "https://api.github.com/repos/LeviNjoroge/SD-Seminar/events"
                    },
                    {
                      "k": "fork",
                      "v": false
                    },
                    {
                      "k": "forks",
                      "v": 0.0
                    },
                    {
                      "k": "forks_count",
                      "v": 0.0
                    },
                    {
                      "k": "forks_url",
                      "v": "https://api.github.com/repos/LeviNjoroge/SD-Seminar/forks"
                    },
                    {
                      "k": "full_name",
                      "v": "LeviNjoroge/SD-Seminar"
                    },
                    {
                      "k": "git_commits_url",
                      "v": "https://api.github.com/repos/LeviNjoroge/SD-Seminar/git/commits{/sha}"
                    },
                    {
                      "k": "git_refs_url",
                      "v": "https://api.github.com/repos/LeviNjoroge/SD-Seminar/git/refs{/sha}"
                    },
                    {
                      "k": "git_tags_url",
                      "v": "https://api.github.com/repos/LeviNjoroge/SD-Seminar/git/tags{/sha}"
                    },
                    {
                      "k": "git_url",
                      "v": "git://github.com/LeviNjoroge/SD-Seminar.git"
                    },
                    {
                      "k": "has_discussions",
                      "v": false
                    },
                    {
                      "k": "has_downloads",
                      "v": true
                    },
                    {
                      "k": "has_issues",
                      "v": true
                    },
                    {
                      "k": "has_pages",
                      "v": false
                    },
                    {
                      "k": "has_projects",
                      "v": true
                    },
                    {
                      "k": "has_pull_requests",
                      "v": true
                    },
                    {
                      "k": "has_wiki",
                      "v": true
                    },
                    {
                      "k": "homepage",
                      "v": null
                    },
                    {
                      "k": "hooks_url",
                      "v": "https://api.github.com/repos/LeviNjoroge/SD-Seminar/hooks"
                    },
                    {
                      "k": "html_url",
                      "v": "https://github.com/LeviNjoroge/SD-Seminar"
                    },
                    {
                      "k": "id",
                      "v": 1248892129.0
                    },
                    {
                      "k": "is_template",
                      "v": false
                    },
                    {
                      "k": "issue_comment_url",
                      "v": "https://api.github.com/repos/LeviNjoroge/SD-Seminar/issues/comments{/number}"
                    },
                    {
                      "k": "issue_events_url",
                      "v": "https://api.github.com/repos/LeviNjoroge/SD-Seminar/issues/events{/number}"
                    },
                    {
                      "k": "issues_url",
                      "v": "https://api.github.com/repos/LeviNjoroge/SD-Seminar/issues{/number}"
                    },
                    {
                      "k": "keys_url",
                      "v": "https://api.github.com/repos/LeviNjoroge/SD-Seminar/keys{/key_id}"
                    },
                    {
                      "k": "labels_url",
                      "v": "https://api.github.com/repos/LeviNjoroge/SD-Seminar/labels{/name}"
                    },
                    {
                      "k": "language",
                      "v": "AL"
                    },
                    {
                      "k": "languages_url",
                      "v": "https://api.github.com/repos/LeviNjoroge/SD-Seminar/languages"
                    },
                    {
                      "k": "license",
                      "v": null
                    },
                    {
                      "k": "master_branch",
                      "v": "main"
                    },
                    {
                      "k": "merges_url",
                      "v": "https://api.github.com/repos/LeviNjoroge/SD-Seminar/merges"
                    },
                    {
                      "k": "milestones_url",
                      "v": "https://api.github.com/repos/LeviNjoroge/SD-Seminar/milestones{/number}"
                    },
                    {
                      "k": "mirror_url",
                      "v": null
                    },
                    {
                      "k": "name",
                      "v": "SD-Seminar"
                    },
                    {
                      "k": "node_id",
                      "v": "R_kgDOSnCU4Q"
                    },
                    {
                      "k": "notifications_url",
                      "v": "https://api.github.com/repos/LeviNjoroge/SD-Seminar/notifications{?since,all,participating}"
                    },
                    {
                      "k": "open_issues",
                      "v": 0.0
                    },
                    {
                      "k": "open_issues_count",
                      "v": 0.0
                    },
                    {
                      "k": "owner",
                      "v": {
                        "t": 2,
                        "d": [
                          {
                            "k": "avatar_url",
                            "v": "https://avatars.githubusercontent.com/u/157218984?v=4"
                          },
                          {
                            "k": "email",
                            "v": "157218984+LeviNjoroge@users.noreply.github.com"
                          },
                          {
                            "k": "events_url",
                            "v": "https://api.github.com/users/LeviNjoroge/events{/privacy}"
                          },
                          {
                            "k": "followers_url",
                            "v": "https://api.github.com/users/LeviNjoroge/followers"
                          },
                          {
                            "k": "following_url",
                            "v": "https://api.github.com/users/LeviNjoroge/following{/other_user}"
                          },
                          {
                            "k": "gists_url",
                            "v": "https://api.github.com/users/LeviNjoroge/gists{/gist_id}"
                          },
                          {
                            "k": "gravatar_id",
                            "v": ""
                          },
                          {
                            "k": "html_url",
                            "v": "https://github.com/LeviNjoroge"
                          },
                          {
                            "k": "id",
                            "v": 157218984.0
                          },
                          {
                            "k": "login",
                            "v": "LeviNjoroge"
                          },
                          {
                            "k": "name",
                            "v": "LeviNjoroge"
                          },
                          {
                            "k": "node_id",
                            "v": "U_kgDOCV74qA"
                          },
                          {
                            "k": "organizations_url",
                            "v": "https://api.github.com/users/LeviNjoroge/orgs"
                          },
                          {
                            "k": "received_events_url",
                            "v": "https://api.github.com/users/LeviNjoroge/received_events"
                          },
                          {
                            "k": "repos_url",
                            "v": "https://api.github.com/users/LeviNjoroge/repos"
                          },
                          {
                            "k": "site_admin",
                            "v": false
                          },
                          {
                            "k": "starred_url",
                            "v": "https://api.github.com/users/LeviNjoroge/starred{/owner}{/repo}"
                          },
                          {
                            "k": "subscriptions_url",
                            "v": "https://api.github.com/users/LeviNjoroge/subscriptions"
                          },
                          {
                            "k": "type",
                            "v": "User"
                          },
                          {
                            "k": "url",
                            "v": "https://api.github.com/users/LeviNjoroge"
                          },
                          {
                            "k": "user_view_type",
                            "v": "public"
                          }
                        ]
                      }
                    },
                    {
                      "k": "private",
                      "v": false
                    },
                    {
                      "k": "pull_request_creation_policy",
                      "v": "all"
                    },
                    {
                      "k": "pulls_url",
                      "v": "https://api.github.com/repos/LeviNjoroge/SD-Seminar/pulls{/number}"
                    },
                    {
                      "k": "pushed_at",
                      "v": 1780665898.0
                    },
                    {
                      "k": "releases_url",
                      "v": "https://api.github.com/repos/LeviNjoroge/SD-Seminar/releases{/id}"
                    },
                    {
                      "k": "size",
                      "v": 59.0
                    },
                    {
                      "k": "ssh_url",
                      "v": "git@github.com:LeviNjoroge/SD-Seminar.git"
                    },
                    {
                      "k": "stargazers",
                      "v": 1.0
                    },
                    {
                      "k": "stargazers_count",
                      "v": 1.0
                    },
                    {
                      "k": "stargazers_url",
                      "v": "https://api.github.com/repos/LeviNjoroge/SD-Seminar/stargazers"
                    },
                    {
                      "k": "statuses_url",
                      "v": "https://api.github.com/repos/LeviNjoroge/SD-Seminar/statuses/{sha}"
                    },
                    {
                      "k": "subscribers_url",
                      "v": "https://api.github.com/repos/LeviNjoroge/SD-Seminar/subscribers"
                    },
                    {
                      "k": "subscription_url",
                      "v": "https://api.github.com/repos/LeviNjoroge/SD-Seminar/subscription"
                    },
                    {
                      "k": "svn_url",
                      "v": "https://github.com/LeviNjoroge/SD-Seminar"
                    },
                    {
                      "k": "tags_url",
                      "v": "https://api.github.com/repos/LeviNjoroge/SD-Seminar/tags"
                    },
                    {
                      "k": "teams_url",
                      "v": "https://api.github.com/repos/LeviNjoroge/SD-Seminar/teams"
                    },
                    {
                      "k": "topics",
                      "v": {
                        "t": 1
                      }
                    },
                    {
                      "k": "trees_url",
                      "v": "https://api.github.com/repos/LeviNjoroge/SD-Seminar/git/trees{/sha}"
                    },
                    {
                      "k": "updated_at",
                      "v": "2026-06-05T13:11:36Z"
                    },
                    {
                      "k": "url",
                      "v": "https://api.github.com/repos/LeviNjoroge/SD-Seminar"
                    },
                    {
                      "k": "visibility",
                      "v": "public"
                    },
                    {
                      "k": "watchers",
                      "v": 1.0
                    },
                    {
                      "k": "watchers_count",
                      "v": 1.0
                    },
                    {
                      "k": "web_commit_signoff_required",
                      "v": false
                    }
                  ]
                }
              },
              {
                "k": "sender",
                "v": {
                  "t": 2,
                  "d": [
                    {
                      "k": "avatar_url",
                      "v": "https://avatars.githubusercontent.com/u/157218984?v=4"
                    },
                    {
                      "k": "events_url",
                      "v": "https://api.github.com/users/LeviNjoroge/events{/privacy}"
                    },
                    {
                      "k": "followers_url",
                      "v": "https://api.github.com/users/LeviNjoroge/followers"
                    },
                    {
                      "k": "following_url",
                      "v": "https://api.github.com/users/LeviNjoroge/following{/other_user}"
                    },
                    {
                      "k": "gists_url",
                      "v": "https://api.github.com/users/LeviNjoroge/gists{/gist_id}"
                    },
                    {
                      "k": "gravatar_id",
                      "v": ""
                    },
                    {
                      "k": "html_url",
                      "v": "https://github.com/LeviNjoroge"
                    },
                    {
                      "k": "id",
                      "v": 157218984.0
                    },
                    {
                      "k": "login",
                      "v": "LeviNjoroge"
                    },
                    {
                      "k": "node_id",
                      "v": "U_kgDOCV74qA"
                    },
                    {
                      "k": "organizations_url",
                      "v": "https://api.github.com/users/LeviNjoroge/orgs"
                    },
                    {
                      "k": "received_events_url",
                      "v": "https://api.github.com/users/LeviNjoroge/received_events"
                    },
                    {
                      "k": "repos_url",
                      "v": "https://api.github.com/users/LeviNjoroge/repos"
                    },
                    {
                      "k": "site_admin",
                      "v": false
                    },
                    {
                      "k": "starred_url",
                      "v": "https://api.github.com/users/LeviNjoroge/starred{/owner}{/repo}"
                    },
                    {
                      "k": "subscriptions_url",
                      "v": "https://api.github.com/users/LeviNjoroge/subscriptions"
                    },
                    {
                      "k": "type",
                      "v": "User"
                    },
                    {
                      "k": "url",
                      "v": "https://api.github.com/users/LeviNjoroge"
                    },
                    {
                      "k": "user_view_type",
                      "v": "public"
                    }
                  ]
                }
              }
            ]
          }
        },
        {
          "k": "workflow_ref",
          "v": "LeviNjoroge/SD-Seminar/.github/workflows/ci-cd.yml@refs/heads/main"
        },
        {
          "k": "workflow_sha",
          "v": "a74178c8f3cb9fe04169d87f7c35f949ceced2a6"
        },
        {
          "k": "repository_id",
          "v": "1248892129"
        },
        {
          "k": "triggering_actor",
          "v": "LeviNjoroge"
        }
      ]
    },
    "inputs": {
      "t": 2
    },
    "job": {
      "t": 2,
      "d": [
        {
          "k": "check_run_id",
          "v": 79736371150.0
        },
        {
          "k": "workflow_ref",
          "v": "LeviNjoroge/SD-Seminar/.github/workflows/ci-cd.yml@refs/heads/main"
        },
        {
          "k": "workflow_sha",
          "v": "a74178c8f3cb9fe04169d87f7c35f949ceced2a6"
        },
        {
          "k": "workflow_repository",
          "v": "LeviNjoroge/SD-Seminar"
        },
        {
          "k": "workflow_file_path",
          "v": ".github/workflows/ci-cd.yml"
        }
      ]
    },
    "matrix": null,
    "needs": {
      "t": 2
    },
    "strategy": {
      "t": 2,
      "d": [
        {
          "k": "fail-fast",
          "v": true
        },
        {
          "k": "job-index",
          "v": 0.0
        },
        {
          "k": "job-total",
          "v": 1.0
        },
        {
          "k": "max-parallel",
          "v": 1.0
        }
      ]
    },
    "vars": {
      "t": 2
    }
  },
  "billingOwnerId": "U_kgDOCV74qA"
}
[2026-06-05 13:46:32Z INFO JobRunner] Job ID df6476c5-50b5-5620-ab61-cfee8ad19d05
[2026-06-05 13:46:32Z INFO ConfigurationStore] currentAssemblyLocation: C:\Users\Levi\Desktop\Attachment\SD Seminar\actions-runner\bin\Runner.Worker.dll
[2026-06-05 13:46:32Z INFO HostContext] Well known directory 'Bin': 'C:\Users\Levi\Desktop\Attachment\SD Seminar\actions-runner\bin'
[2026-06-05 13:46:32Z INFO ConfigurationStore] binPath: C:\Users\Levi\Desktop\Attachment\SD Seminar\actions-runner\bin
[2026-06-05 13:46:32Z INFO HostContext] Well known directory 'Bin': 'C:\Users\Levi\Desktop\Attachment\SD Seminar\actions-runner\bin'
[2026-06-05 13:46:32Z INFO HostContext] Well known directory 'Root': 'C:\Users\Levi\Desktop\Attachment\SD Seminar\actions-runner'
[2026-06-05 13:46:32Z INFO ConfigurationStore] RootFolder: C:\Users\Levi\Desktop\Attachment\SD Seminar\actions-runner
[2026-06-05 13:46:32Z INFO HostContext] Well known directory 'Bin': 'C:\Users\Levi\Desktop\Attachment\SD Seminar\actions-runner\bin'
[2026-06-05 13:46:32Z INFO HostContext] Well known directory 'Root': 'C:\Users\Levi\Desktop\Attachment\SD Seminar\actions-runner'
[2026-06-05 13:46:32Z INFO HostContext] Well known config file 'Runner': 'C:\Users\Levi\Desktop\Attachment\SD Seminar\actions-runner\.runner'
[2026-06-05 13:46:32Z INFO ConfigurationStore] ConfigFilePath: C:\Users\Levi\Desktop\Attachment\SD Seminar\actions-runner\.runner
[2026-06-05 13:46:32Z INFO HostContext] Well known directory 'Bin': 'C:\Users\Levi\Desktop\Attachment\SD Seminar\actions-runner\bin'
[2026-06-05 13:46:32Z INFO HostContext] Well known directory 'Root': 'C:\Users\Levi\Desktop\Attachment\SD Seminar\actions-runner'
[2026-06-05 13:46:32Z INFO HostContext] Well known config file 'MigratedRunner': 'C:\Users\Levi\Desktop\Attachment\SD Seminar\actions-runner\.runner_migrated'
[2026-06-05 13:46:32Z INFO ConfigurationStore] MigratedConfigFilePath: C:\Users\Levi\Desktop\Attachment\SD Seminar\actions-runner\.runner_migrated
[2026-06-05 13:46:32Z INFO HostContext] Well known directory 'Bin': 'C:\Users\Levi\Desktop\Attachment\SD Seminar\actions-runner\bin'
[2026-06-05 13:46:32Z INFO HostContext] Well known directory 'Root': 'C:\Users\Levi\Desktop\Attachment\SD Seminar\actions-runner'
[2026-06-05 13:46:32Z INFO HostContext] Well known config file 'Credentials': 'C:\Users\Levi\Desktop\Attachment\SD Seminar\actions-runner\.credentials'
[2026-06-05 13:46:32Z INFO ConfigurationStore] CredFilePath: C:\Users\Levi\Desktop\Attachment\SD Seminar\actions-runner\.credentials
[2026-06-05 13:46:32Z INFO HostContext] Well known directory 'Bin': 'C:\Users\Levi\Desktop\Attachment\SD Seminar\actions-runner\bin'
[2026-06-05 13:46:32Z INFO HostContext] Well known directory 'Root': 'C:\Users\Levi\Desktop\Attachment\SD Seminar\actions-runner'
[2026-06-05 13:46:32Z INFO HostContext] Well known config file 'MigratedCredentials': 'C:\Users\Levi\Desktop\Attachment\SD Seminar\actions-runner\.credentials_migrated'
[2026-06-05 13:46:32Z INFO ConfigurationStore] MigratedCredFilePath: C:\Users\Levi\Desktop\Attachment\SD Seminar\actions-runner\.credentials_migrated
[2026-06-05 13:46:32Z INFO HostContext] Well known directory 'Bin': 'C:\Users\Levi\Desktop\Attachment\SD Seminar\actions-runner\bin'
[2026-06-05 13:46:32Z INFO HostContext] Well known directory 'Root': 'C:\Users\Levi\Desktop\Attachment\SD Seminar\actions-runner'
[2026-06-05 13:46:32Z INFO HostContext] Well known config file 'Service': 'C:\Users\Levi\Desktop\Attachment\SD Seminar\actions-runner\.service'
[2026-06-05 13:46:32Z INFO ConfigurationStore] ServiceConfigFilePath: C:\Users\Levi\Desktop\Attachment\SD Seminar\actions-runner\.service
[2026-06-05 13:46:32Z INFO ConfigurationStore] Read setting file: 401 chars
[2026-06-05 13:46:32Z INFO JobRunner] Initializing launch client
[2026-06-05 13:46:32Z INFO JobServerQueue] Initializing results client
[2026-06-05 13:46:32Z INFO ResultServer] Creating websocket client ...wss://results-receiver.actions.githubusercontent.com/_ws/ingest.sock
[2026-06-05 13:46:32Z INFO ResultServer] Attempting to start websocket client with delay 00:00:00.
[2026-06-05 13:46:32Z INFO JobServerQueue] Start process web console line queue.
[2026-06-05 13:46:32Z INFO JobServerQueue] Start process file upload queue.
[2026-06-05 13:46:32Z INFO JobServerQueue] Start results file upload queue.
[2026-06-05 13:46:32Z INFO JobServerQueue] Starting results-based upload queue...
[2026-06-05 13:46:32Z INFO JobServerQueue] Start process timeline update queue.
[2026-06-05 13:46:32Z INFO ExecutionContext] Initializing Job context
[2026-06-05 13:46:32Z INFO ExecutionContext] Initialize GitHub context
[2026-06-05 13:46:32Z INFO ExecutionContext] Initialize Env context
[2026-06-05 13:46:32Z INFO HostContext] Well known directory 'Bin': 'C:\Users\Levi\Desktop\Attachment\SD Seminar\actions-runner\bin'
[2026-06-05 13:46:32Z INFO HostContext] Well known directory 'Root': 'C:\Users\Levi\Desktop\Attachment\SD Seminar\actions-runner'
[2026-06-05 13:46:32Z INFO HostContext] Well known directory 'Diag': 'C:\Users\Levi\Desktop\Attachment\SD Seminar\actions-runner\_diag'
[2026-06-05 13:46:32Z INFO HostContext] Well known directory 'Bin': 'C:\Users\Levi\Desktop\Attachment\SD Seminar\actions-runner\bin'
[2026-06-05 13:46:32Z INFO HostContext] Well known directory 'Root': 'C:\Users\Levi\Desktop\Attachment\SD Seminar\actions-runner'
[2026-06-05 13:46:32Z INFO HostContext] Well known directory 'Diag': 'C:\Users\Levi\Desktop\Attachment\SD Seminar\actions-runner\_diag'
[2026-06-05 13:46:32Z INFO JobRunner] Starting the job execution context.
[2026-06-05 13:46:32Z INFO HostContext] Well known directory 'Bin': 'C:\Users\Levi\Desktop\Attachment\SD Seminar\actions-runner\bin'
[2026-06-05 13:46:32Z INFO HostContext] Well known directory 'Root': 'C:\Users\Levi\Desktop\Attachment\SD Seminar\actions-runner'
[2026-06-05 13:46:32Z INFO HostContext] Well known directory 'Work': 'C:\Users\Levi\Desktop\Attachment\SD Seminar\actions-runner\_work'
[2026-06-05 13:46:32Z INFO JobRunner] Validating directory permissions for: 'C:\Users\Levi\Desktop\Attachment\SD Seminar\actions-runner\_work'
[2026-06-05 13:46:32Z INFO HostContext] Well known directory 'Bin': 'C:\Users\Levi\Desktop\Attachment\SD Seminar\actions-runner\bin'
[2026-06-05 13:46:32Z INFO HostContext] Well known directory 'Root': 'C:\Users\Levi\Desktop\Attachment\SD Seminar\actions-runner'
[2026-06-05 13:46:32Z INFO HostContext] Well known directory 'Work': 'C:\Users\Levi\Desktop\Attachment\SD Seminar\actions-runner\_work'
[2026-06-05 13:46:32Z INFO HostContext] Well known directory 'Tools': 'C:\Users\Levi\Desktop\Attachment\SD Seminar\actions-runner\_work\_tool'
[2026-06-05 13:46:32Z INFO HostContext] Well known directory 'Bin': 'C:\Users\Levi\Desktop\Attachment\SD Seminar\actions-runner\bin'
[2026-06-05 13:46:32Z INFO HostContext] Well known directory 'Root': 'C:\Users\Levi\Desktop\Attachment\SD Seminar\actions-runner'
[2026-06-05 13:46:32Z INFO HostContext] Well known directory 'Work': 'C:\Users\Levi\Desktop\Attachment\SD Seminar\actions-runner\_work'
[2026-06-05 13:46:32Z INFO HostContext] Well known directory 'Temp': 'C:\Users\Levi\Desktop\Attachment\SD Seminar\actions-runner\_work\_temp'
[2026-06-05 13:46:32Z INFO JobRunner] Getting job extension.
[2026-06-05 13:46:32Z INFO JobRunner] Initialize job. Getting all job steps.
[2026-06-05 13:46:32Z INFO HostContext] Well known directory 'Bin': 'C:\Users\Levi\Desktop\Attachment\SD Seminar\actions-runner\bin'
[2026-06-05 13:46:32Z INFO HostContext] Well known directory 'Root': 'C:\Users\Levi\Desktop\Attachment\SD Seminar\actions-runner'
[2026-06-05 13:46:32Z INFO HostContext] Well known directory 'Diag': 'C:\Users\Levi\Desktop\Attachment\SD Seminar\actions-runner\_diag'
[2026-06-05 13:46:32Z INFO HostContext] Well known directory 'Bin': 'C:\Users\Levi\Desktop\Attachment\SD Seminar\actions-runner\bin'
[2026-06-05 13:46:32Z INFO HostContext] Well known directory 'Root': 'C:\Users\Levi\Desktop\Attachment\SD Seminar\actions-runner'
[2026-06-05 13:46:32Z INFO HostContext] Well known directory 'Diag': 'C:\Users\Levi\Desktop\Attachment\SD Seminar\actions-runner\_diag'
[2026-06-05 13:46:32Z INFO HostContext] Well known directory 'Bin': 'C:\Users\Levi\Desktop\Attachment\SD Seminar\actions-runner\bin'
[2026-06-05 13:46:32Z INFO HostContext] Well known directory 'Root': 'C:\Users\Levi\Desktop\Attachment\SD Seminar\actions-runner'
[2026-06-05 13:46:32Z INFO HostContext] Well known config file 'Credentials': 'C:\Users\Levi\Desktop\Attachment\SD Seminar\actions-runner\.credentials'
[2026-06-05 13:46:32Z INFO HostContext] Well known directory 'Bin': 'C:\Users\Levi\Desktop\Attachment\SD Seminar\actions-runner\bin'
[2026-06-05 13:46:32Z INFO HostContext] Well known directory 'Root': 'C:\Users\Levi\Desktop\Attachment\SD Seminar\actions-runner'
[2026-06-05 13:46:32Z INFO HostContext] Well known config file 'SetupInfo': 'C:\Users\Levi\Desktop\Attachment\SD Seminar\actions-runner\.setup_info'
[2026-06-05 13:46:32Z INFO HostContext] Well known directory 'Bin': 'C:\Users\Levi\Desktop\Attachment\SD Seminar\actions-runner\bin'
[2026-06-05 13:46:32Z INFO HostContext] Well known directory 'Root': 'C:\Users\Levi\Desktop\Attachment\SD Seminar\actions-runner'
[2026-06-05 13:46:32Z INFO HostContext] Well known directory 'Work': 'C:\Users\Levi\Desktop\Attachment\SD Seminar\actions-runner\_work'
[2026-06-05 13:46:32Z INFO PipelineDirectoryManager] Loading tracking config if exists: C:\Users\Levi\Desktop\Attachment\SD Seminar\actions-runner\_work\_PipelineMapping\LeviNjoroge/SD-Seminar\PipelineFolder.json
[2026-06-05 13:46:32Z INFO PipelineDirectoryManager] Updating job run properties.
[2026-06-05 13:46:32Z INFO HostContext] Well known directory 'Bin': 'C:\Users\Levi\Desktop\Attachment\SD Seminar\actions-runner\bin'
[2026-06-05 13:46:32Z INFO HostContext] Well known directory 'Root': 'C:\Users\Levi\Desktop\Attachment\SD Seminar\actions-runner'
[2026-06-05 13:46:32Z INFO HostContext] Well known directory 'Work': 'C:\Users\Levi\Desktop\Attachment\SD Seminar\actions-runner\_work'
[2026-06-05 13:46:32Z INFO HostContext] Well known directory 'Bin': 'C:\Users\Levi\Desktop\Attachment\SD Seminar\actions-runner\bin'
[2026-06-05 13:46:32Z INFO HostContext] Well known directory 'Root': 'C:\Users\Levi\Desktop\Attachment\SD Seminar\actions-runner'
[2026-06-05 13:46:32Z INFO HostContext] Well known directory 'Work': 'C:\Users\Levi\Desktop\Attachment\SD Seminar\actions-runner\_work'
[2026-06-05 13:46:32Z INFO HostContext] Well known directory 'Bin': 'C:\Users\Levi\Desktop\Attachment\SD Seminar\actions-runner\bin'
[2026-06-05 13:46:32Z INFO HostContext] Well known directory 'Root': 'C:\Users\Levi\Desktop\Attachment\SD Seminar\actions-runner'
[2026-06-05 13:46:32Z INFO HostContext] Well known directory 'Work': 'C:\Users\Levi\Desktop\Attachment\SD Seminar\actions-runner\_work'
[2026-06-05 13:46:32Z INFO JobExtension] Downloading actions
[2026-06-05 13:46:32Z INFO HostContext] Well known directory 'Bin': 'C:\Users\Levi\Desktop\Attachment\SD Seminar\actions-runner\bin'
[2026-06-05 13:46:32Z INFO HostContext] Well known directory 'Root': 'C:\Users\Levi\Desktop\Attachment\SD Seminar\actions-runner'
[2026-06-05 13:46:32Z INFO HostContext] Well known directory 'Work': 'C:\Users\Levi\Desktop\Attachment\SD Seminar\actions-runner\_work'
[2026-06-05 13:46:32Z INFO HostContext] Well known directory 'Actions': 'C:\Users\Levi\Desktop\Attachment\SD Seminar\actions-runner\_work\_actions'
[2026-06-05 13:46:32Z INFO Worker] Listening for cancel message from the channel.
[2026-06-05 13:46:32Z INFO Worker] Waiting for the job to complete or for a cancel message from the channel.
[2026-06-05 13:46:33Z INFO ResultServer] Successfully started websocket client.
[2026-06-05 13:46:33Z INFO JobServerQueue] Try to append 1 batches web console lines for record 'a96db0bc-6e7e-4b5a-806b-a9d59762d806', success rate: 1/1.
[2026-06-05 13:46:34Z INFO HostContext] Well known directory 'Bin': 'C:\Users\Levi\Desktop\Attachment\SD Seminar\actions-runner\bin'
[2026-06-05 13:46:34Z INFO HostContext] Well known directory 'Root': 'C:\Users\Levi\Desktop\Attachment\SD Seminar\actions-runner'
[2026-06-05 13:46:34Z INFO HostContext] Well known directory 'Work': 'C:\Users\Levi\Desktop\Attachment\SD Seminar\actions-runner\_work'
[2026-06-05 13:46:34Z INFO HostContext] Well known directory 'Actions': 'C:\Users\Levi\Desktop\Attachment\SD Seminar\actions-runner\_work\_actions'
[2026-06-05 13:46:34Z INFO HostContext] Well known directory 'Bin': 'C:\Users\Levi\Desktop\Attachment\SD Seminar\actions-runner\bin'
[2026-06-05 13:46:34Z INFO HostContext] Well known directory 'Root': 'C:\Users\Levi\Desktop\Attachment\SD Seminar\actions-runner'
[2026-06-05 13:46:34Z INFO HostContext] Well known directory 'Work': 'C:\Users\Levi\Desktop\Attachment\SD Seminar\actions-runner\_work'
[2026-06-05 13:46:34Z INFO HostContext] Well known directory 'Actions': 'C:\Users\Levi\Desktop\Attachment\SD Seminar\actions-runner\_work\_actions'
[2026-06-05 13:46:34Z INFO JobServerQueue] Job timeline record has been updated for the first time.
[2026-06-05 13:46:34Z INFO ActionManager] Save archive 'https://codeload.github.com/actions/checkout/zip/34e114876b0b11c390a56381ad16ebd13914f8d5' into C:\Users\Levi\Desktop\Attachment\SD Seminar\actions-runner\_work\_actions\_temp_849faf7d-dc37-47b7-b496-bdc4033b145d\fe026af6-9b4e-4219-99dd-99f55df05860.zip.
[2026-06-05 13:46:34Z INFO ActionManager] Using Basic token for action archive download.
[2026-06-05 13:46:34Z INFO JobServerQueue] Try to append 1 batches web console lines for record 'a96db0bc-6e7e-4b5a-806b-a9d59762d806', success rate: 1/1.
[2026-06-05 13:46:35Z INFO ActionManager] Request URL: https://codeload.github.com/actions/checkout/zip/34e114876b0b11c390a56381ad16ebd13914f8d5 X-GitHub-Request-Id: B94D:EA73B:B149:96B08:6A22D33C Http Status: OK
[2026-06-05 13:46:35Z INFO ActionManager] Finished getting action repository.
[2026-06-05 13:46:36Z INFO HostContext] Well known directory 'Bin': 'C:\Users\Levi\Desktop\Attachment\SD Seminar\actions-runner\bin'
[2026-06-05 13:46:36Z INFO HostContext] Well known directory 'Root': 'C:\Users\Levi\Desktop\Attachment\SD Seminar\actions-runner'
[2026-06-05 13:46:36Z INFO HostContext] Well known directory 'Work': 'C:\Users\Levi\Desktop\Attachment\SD Seminar\actions-runner\_work'
[2026-06-05 13:46:36Z INFO HostContext] Well known directory 'Actions': 'C:\Users\Levi\Desktop\Attachment\SD Seminar\actions-runner\_work\_actions'
[2026-06-05 13:46:36Z INFO HostContext] Well known directory 'Bin': 'C:\Users\Levi\Desktop\Attachment\SD Seminar\actions-runner\bin'
[2026-06-05 13:46:36Z INFO HostContext] Well known directory 'Root': 'C:\Users\Levi\Desktop\Attachment\SD Seminar\actions-runner'
[2026-06-05 13:46:36Z INFO HostContext] Well known directory 'Work': 'C:\Users\Levi\Desktop\Attachment\SD Seminar\actions-runner\_work'
[2026-06-05 13:46:36Z INFO HostContext] Well known directory 'Actions': 'C:\Users\Levi\Desktop\Attachment\SD Seminar\actions-runner\_work\_actions'
[2026-06-05 13:46:36Z INFO ActionManager] Save archive 'https://codeload.github.com/actions/upload-artifact/zip/ea165f8d65b6e75b540449e92b4886f43607fa02' into C:\Users\Levi\Desktop\Attachment\SD Seminar\actions-runner\_work\_actions\_temp_e63db4d8-0eec-4b72-b92b-05598437e353\30dbd0c8-1c45-446e-8ae9-36f70776fd7c.zip.
[2026-06-05 13:46:36Z INFO ActionManager] Using Basic token for action archive download.
[2026-06-05 13:46:36Z INFO JobServerQueue] Try to append 1 batches web console lines for record 'a96db0bc-6e7e-4b5a-806b-a9d59762d806', success rate: 1/1.
[2026-06-05 13:46:38Z INFO ActionManager] Request URL: https://codeload.github.com/actions/upload-artifact/zip/ea165f8d65b6e75b540449e92b4886f43607fa02 X-GitHub-Request-Id: A64C:2D72AB:BAAC:9748D:6A22D33E Http Status: OK
[2026-06-05 13:46:39Z INFO ActionManager] Finished getting action repository.
[2026-06-05 13:46:40Z INFO HostContext] Well known directory 'Bin': 'C:\Users\Levi\Desktop\Attachment\SD Seminar\actions-runner\bin'
[2026-06-05 13:46:40Z INFO HostContext] Well known directory 'Root': 'C:\Users\Levi\Desktop\Attachment\SD Seminar\actions-runner'
[2026-06-05 13:46:40Z INFO HostContext] Well known directory 'Work': 'C:\Users\Levi\Desktop\Attachment\SD Seminar\actions-runner\_work'
[2026-06-05 13:46:40Z INFO HostContext] Well known directory 'Actions': 'C:\Users\Levi\Desktop\Attachment\SD Seminar\actions-runner\_work\_actions'
[2026-06-05 13:46:40Z INFO ActionManifestManagerLegacy] Load schema file with definitions: [
  "null",
  "boolean",
  "number",
  "string",
  "sequence",
  "mapping",
  "any",
  "action-root",
  "inputs",
  "input",
  "outputs",
  "output-definition",
  "runs",
  "container-runs",
  "container-runs-args",
  "container-runs-env",
  "node-runs",
  "plugin-runs",
  "composite-runs",
  "composite-steps",
  "composite-step",
  "run-step",
  "uses-step",
  "container-runs-context",
  "output-value",
  "input-default-context",
  "non-empty-string",
  "string-steps-context",
  "boolean-steps-context",
  "step-env",
  "step-if",
  "step-with"
]
[2026-06-05 13:46:40Z INFO ActionManifestManager] Load schema file with definitions: [
  "null",
  "boolean",
  "number",
  "string",
  "sequence",
  "mapping",
  "any",
  "action-root",
  "inputs",
  "input",
  "outputs",
  "output-definition",
  "runs",
  "container-runs",
  "container-runs-args",
  "container-runs-env",
  "node-runs",
  "plugin-runs",
  "composite-runs",
  "composite-steps",
  "composite-step",
  "run-step",
  "uses-step",
  "container-runs-context",
  "output-value",
  "input-default-context",
  "non-empty-string",
  "string-steps-context",
  "boolean-steps-context",
  "step-env",
  "step-if",
  "step-with"
]
[2026-06-05 13:46:40Z INFO HostContext] Well known directory 'Bin': 'C:\Users\Levi\Desktop\Attachment\SD Seminar\actions-runner\bin'
[2026-06-05 13:46:40Z INFO HostContext] Well known directory 'Root': 'C:\Users\Levi\Desktop\Attachment\SD Seminar\actions-runner'
[2026-06-05 13:46:40Z INFO HostContext] Well known directory 'Work': 'C:\Users\Levi\Desktop\Attachment\SD Seminar\actions-runner\_work'
[2026-06-05 13:46:40Z INFO HostContext] Well known directory 'Actions': 'C:\Users\Levi\Desktop\Attachment\SD Seminar\actions-runner\_work\_actions'
[2026-06-05 13:46:41Z INFO ActionManifestManagerLegacy] Loaded action.yml file: {
  "name": "Checkout",
  "description": "Checkout a Git repository at a particular version",
  "inputs": {
    "type": 2,
    "map": [
      {
        "key": {
          "type": 0,
          "file": 2,
          "line": 4,
          "col": 3,
          "lit": "repository"
        },
        "value": {
          "type": 3,
          "file": 2,
          "line": 6,
          "col": 14,
          "expr": "github.repository"
        }
      },
      {
        "key": {
          "type": 0,
          "file": 2,
          "line": 7,
          "col": 3,
          "lit": "ref"
        },
        "value": ""
      },
      {
        "key": {
          "type": 0,
          "file": 2,
          "line": 12,
          "col": 3,
          "lit": "token"
        },
        "value": {
          "type": 3,
          "file": 2,
          "line": 24,
          "col": 14,
          "expr": "github.token"
        }
      },
      {
        "key": {
          "type": 0,
          "file": 2,
          "line": 25,
          "col": 3,
          "lit": "ssh-key"
        },
        "value": ""
      },
      {
        "key": {
          "type": 0,
          "file": 2,
          "line": 37,
          "col": 3,
          "lit": "ssh-known-hosts"
        },
        "value": ""
      },
      {
        "key": {
          "type": 0,
          "file": 2,
          "line": 42,
          "col": 3,
          "lit": "ssh-strict"
        },
        "value": {
          "type": 0,
          "file": 2,
          "line": 47,
          "col": 14,
          "lit": "true"
        }
      },
      {
        "key": {
          "type": 0,
          "file": 2,
          "line": 48,
          "col": 3,
          "lit": "ssh-user"
        },
        "value": {
          "type": 0,
          "file": 2,
          "line": 51,
          "col": 14,
          "lit": "git"
        }
      },
      {
        "key": {
          "type": 0,
          "file": 2,
          "line": 52,
          "col": 3,
          "lit": "persist-credentials"
        },
        "value": {
          "type": 0,
          "file": 2,
          "line": 54,
          "col": 14,
          "lit": "true"
        }
      },
      {
        "key": {
          "type": 0,
          "file": 2,
          "line": 55,
          "col": 3,
          "lit": "path"
        },
        "value": ""
      },
      {
        "key": {
          "type": 0,
          "file": 2,
          "line": 57,
          "col": 3,
          "lit": "clean"
        },
        "value": {
          "type": 0,
          "file": 2,
          "line": 59,
          "col": 14,
          "lit": "true"
        }
      },
      {
        "key": {
          "type": 0,
          "file": 2,
          "line": 60,
          "col": 3,
          "lit": "filter"
        },
        "value": {
          "type": 0,
          "file": 2,
          "line": 64,
          "col": 14,
          "lit": ""
        }
      },
      {
        "key": {
          "type": 0,
          "file": 2,
          "line": 65,
          "col": 3,
          "lit": "sparse-checkout"
        },
        "value": {
          "type": 0,
          "file": 2,
          "line": 69,
          "col": 14,
          "lit": ""
        }
      },
      {
        "key": {
          "type": 0,
          "file": 2,
          "line": 70,
          "col": 3,
          "lit": "sparse-checkout-cone-mode"
        },
        "value": {
          "type": 0,
          "file": 2,
          "line": 73,
          "col": 14,
          "lit": "true"
        }
      },
      {
        "key": {
          "type": 0,
          "file": 2,
          "line": 74,
          "col": 3,
          "lit": "fetch-depth"
        },
        "value": {
          "type": 0,
          "file": 2,
          "line": 76,
          "col": 14,
          "lit": "1"
        }
      },
      {
        "key": {
          "type": 0,
          "file": 2,
          "line": 77,
          "col": 3,
          "lit": "fetch-tags"
        },
        "value": {
          "type": 0,
          "file": 2,
          "line": 79,
          "col": 14,
          "lit": "false"
        }
      },
      {
        "key": {
          "type": 0,
          "file": 2,
          "line": 80,
          "col": 3,
          "lit": "show-progress"
        },
        "value": {
          "type": 0,
          "file": 2,
          "line": 82,
          "col": 14,
          "lit": "true"
        }
      },
      {
        "key": {
          "type": 0,
          "file": 2,
          "line": 83,
          "col": 3,
          "lit": "lfs"
        },
        "value": {
          "type": 0,
          "file": 2,
          "line": 85,
          "col": 14,
          "lit": "false"
        }
      },
      {
        "key": {
          "type": 0,
          "file": 2,
          "line": 86,
          "col": 3,
          "lit": "submodules"
        },
        "value": {
          "type": 0,
          "file": 2,
          "line": 94,
          "col": 14,
          "lit": "false"
        }
      },
      {
        "key": {
          "type": 0,
          "file": 2,
          "line": 95,
          "col": 3,
          "lit": "set-safe-directory"
        },
        "value": {
          "type": 0,
          "file": 2,
          "line": 97,
          "col": 14,
          "lit": "true"
        }
      },
      {
        "key": {
          "type": 0,
          "file": 2,
          "line": 98,
          "col": 3,
          "lit": "github-server-url"
        },
        "value": ""
      }
    ]
  },
  "execution": {
    "executionType": "nodeJS",
    "hasPre": false,
    "hasPost": true,
    "script": "dist/index.js",
    "pre": null,
    "post": "dist/index.js",
    "nodeVersion": "node20",
    "cleanupCondition": "always()",
    "initCondition": "always()"
  },
  "deprecated": null
}
[2026-06-05 13:46:41Z INFO ActionManager] Action node.js file: dist/index.js, no more preparation.
[2026-06-05 13:46:41Z INFO HostContext] Well known directory 'Bin': 'C:\Users\Levi\Desktop\Attachment\SD Seminar\actions-runner\bin'
[2026-06-05 13:46:41Z INFO HostContext] Well known directory 'Root': 'C:\Users\Levi\Desktop\Attachment\SD Seminar\actions-runner'
[2026-06-05 13:46:41Z INFO HostContext] Well known directory 'Work': 'C:\Users\Levi\Desktop\Attachment\SD Seminar\actions-runner\_work'
[2026-06-05 13:46:41Z INFO HostContext] Well known directory 'Actions': 'C:\Users\Levi\Desktop\Attachment\SD Seminar\actions-runner\_work\_actions'
[2026-06-05 13:46:41Z INFO ActionManager] Load action that reference repository from 'C:\Users\Levi\Desktop\Attachment\SD Seminar\actions-runner\_work\_actions\actions\checkout\v4'
[2026-06-05 13:46:41Z INFO HostContext] Well known directory 'Bin': 'C:\Users\Levi\Desktop\Attachment\SD Seminar\actions-runner\bin'
[2026-06-05 13:46:41Z INFO HostContext] Well known directory 'Root': 'C:\Users\Levi\Desktop\Attachment\SD Seminar\actions-runner'
[2026-06-05 13:46:41Z INFO HostContext] Well known directory 'Work': 'C:\Users\Levi\Desktop\Attachment\SD Seminar\actions-runner\_work'
[2026-06-05 13:46:41Z INFO HostContext] Well known directory 'Actions': 'C:\Users\Levi\Desktop\Attachment\SD Seminar\actions-runner\_work\_actions'
[2026-06-05 13:46:41Z INFO ActionManifestManagerLegacy] Loaded action.yml file: {
  "name": "Checkout",
  "description": "Checkout a Git repository at a particular version",
  "inputs": {
    "type": 2,
    "map": [
      {
        "key": {
          "type": 0,
          "file": 2,
          "line": 4,
          "col": 3,
          "lit": "repository"
        },
        "value": {
          "type": 3,
          "file": 2,
          "line": 6,
          "col": 14,
          "expr": "github.repository"
        }
      },
      {
        "key": {
          "type": 0,
          "file": 2,
          "line": 7,
          "col": 3,
          "lit": "ref"
        },
        "value": ""
      },
      {
        "key": {
          "type": 0,
          "file": 2,
          "line": 12,
          "col": 3,
          "lit": "token"
        },
        "value": {
          "type": 3,
          "file": 2,
          "line": 24,
          "col": 14,
          "expr": "github.token"
        }
      },
      {
        "key": {
          "type": 0,
          "file": 2,
          "line": 25,
          "col": 3,
          "lit": "ssh-key"
        },
        "value": ""
      },
      {
        "key": {
          "type": 0,
          "file": 2,
          "line": 37,
          "col": 3,
          "lit": "ssh-known-hosts"
        },
        "value": ""
      },
      {
        "key": {
          "type": 0,
          "file": 2,
          "line": 42,
          "col": 3,
          "lit": "ssh-strict"
        },
        "value": {
          "type": 0,
          "file": 2,
          "line": 47,
          "col": 14,
          "lit": "true"
        }
      },
      {
        "key": {
          "type": 0,
          "file": 2,
          "line": 48,
          "col": 3,
          "lit": "ssh-user"
        },
        "value": {
          "type": 0,
          "file": 2,
          "line": 51,
          "col": 14,
          "lit": "git"
        }
      },
      {
        "key": {
          "type": 0,
          "file": 2,
          "line": 52,
          "col": 3,
          "lit": "persist-credentials"
        },
        "value": {
          "type": 0,
          "file": 2,
          "line": 54,
          "col": 14,
          "lit": "true"
        }
      },
      {
        "key": {
          "type": 0,
          "file": 2,
          "line": 55,
          "col": 3,
          "lit": "path"
        },
        "value": ""
      },
      {
        "key": {
          "type": 0,
          "file": 2,
          "line": 57,
          "col": 3,
          "lit": "clean"
        },
        "value": {
          "type": 0,
          "file": 2,
          "line": 59,
          "col": 14,
          "lit": "true"
        }
      },
      {
        "key": {
          "type": 0,
          "file": 2,
          "line": 60,
          "col": 3,
          "lit": "filter"
        },
        "value": {
          "type": 0,
          "file": 2,
          "line": 64,
          "col": 14,
          "lit": ""
        }
      },
      {
        "key": {
          "type": 0,
          "file": 2,
          "line": 65,
          "col": 3,
          "lit": "sparse-checkout"
        },
        "value": {
          "type": 0,
          "file": 2,
          "line": 69,
          "col": 14,
          "lit": ""
        }
      },
      {
        "key": {
          "type": 0,
          "file": 2,
          "line": 70,
          "col": 3,
          "lit": "sparse-checkout-cone-mode"
        },
        "value": {
          "type": 0,
          "file": 2,
          "line": 73,
          "col": 14,
          "lit": "true"
        }
      },
      {
        "key": {
          "type": 0,
          "file": 2,
          "line": 74,
          "col": 3,
          "lit": "fetch-depth"
        },
        "value": {
          "type": 0,
          "file": 2,
          "line": 76,
          "col": 14,
          "lit": "1"
        }
      },
      {
        "key": {
          "type": 0,
          "file": 2,
          "line": 77,
          "col": 3,
          "lit": "fetch-tags"
        },
        "value": {
          "type": 0,
          "file": 2,
          "line": 79,
          "col": 14,
          "lit": "false"
        }
      },
      {
        "key": {
          "type": 0,
          "file": 2,
          "line": 80,
          "col": 3,
          "lit": "show-progress"
        },
        "value": {
          "type": 0,
          "file": 2,
          "line": 82,
          "col": 14,
          "lit": "true"
        }
      },
      {
        "key": {
          "type": 0,
          "file": 2,
          "line": 83,
          "col": 3,
          "lit": "lfs"
        },
        "value": {
          "type": 0,
          "file": 2,
          "line": 85,
          "col": 14,
          "lit": "false"
        }
      },
      {
        "key": {
          "type": 0,
          "file": 2,
          "line": 86,
          "col": 3,
          "lit": "submodules"
        },
        "value": {
          "type": 0,
          "file": 2,
          "line": 94,
          "col": 14,
          "lit": "false"
        }
      },
      {
        "key": {
          "type": 0,
          "file": 2,
          "line": 95,
          "col": 3,
          "lit": "set-safe-directory"
        },
        "value": {
          "type": 0,
          "file": 2,
          "line": 97,
          "col": 14,
          "lit": "true"
        }
      },
      {
        "key": {
          "type": 0,
          "file": 2,
          "line": 98,
          "col": 3,
          "lit": "github-server-url"
        },
        "value": ""
      }
    ]
  },
  "execution": {
    "executionType": "nodeJS",
    "hasPre": false,
    "hasPost": true,
    "script": "dist/index.js",
    "pre": null,
    "post": "dist/index.js",
    "nodeVersion": "node20",
    "cleanupCondition": "always()",
    "initCondition": "always()"
  },
  "deprecated": null
}
[2026-06-05 13:46:41Z INFO ActionManager] Action pre node.js file: N/A.
[2026-06-05 13:46:41Z INFO ActionManager] Action node.js file: dist/index.js.
[2026-06-05 13:46:41Z INFO ActionManager] Action post node.js file: dist/index.js.
[2026-06-05 13:46:41Z INFO HostContext] Well known directory 'Bin': 'C:\Users\Levi\Desktop\Attachment\SD Seminar\actions-runner\bin'
[2026-06-05 13:46:41Z INFO HostContext] Well known directory 'Root': 'C:\Users\Levi\Desktop\Attachment\SD Seminar\actions-runner'
[2026-06-05 13:46:41Z INFO HostContext] Well known directory 'Work': 'C:\Users\Levi\Desktop\Attachment\SD Seminar\actions-runner\_work'
[2026-06-05 13:46:41Z INFO HostContext] Well known directory 'Actions': 'C:\Users\Levi\Desktop\Attachment\SD Seminar\actions-runner\_work\_actions'
[2026-06-05 13:46:41Z INFO HostContext] Well known directory 'Bin': 'C:\Users\Levi\Desktop\Attachment\SD Seminar\actions-runner\bin'
[2026-06-05 13:46:41Z INFO HostContext] Well known directory 'Root': 'C:\Users\Levi\Desktop\Attachment\SD Seminar\actions-runner'
[2026-06-05 13:46:41Z INFO HostContext] Well known directory 'Work': 'C:\Users\Levi\Desktop\Attachment\SD Seminar\actions-runner\_work'
[2026-06-05 13:46:41Z INFO HostContext] Well known directory 'Actions': 'C:\Users\Levi\Desktop\Attachment\SD Seminar\actions-runner\_work\_actions'
[2026-06-05 13:46:41Z INFO ActionManifestManagerLegacy] Ignore action property author.
[2026-06-05 13:46:41Z INFO ActionManifestManagerLegacy] Loaded action.yml file: {
  "name": "Upload a Build Artifact",
  "description": "Upload a build artifact that can be used by subsequent workflow steps",
  "inputs": {
    "type": 2,
    "map": [
      {
        "key": {
          "type": 0,
          "file": 3,
          "line": 5,
          "col": 3,
          "lit": "name"
        },
        "value": {
          "type": 0,
          "file": 3,
          "line": 7,
          "col": 14,
          "lit": "artifact"
        }
      },
      {
        "key": {
          "type": 0,
          "file": 3,
          "line": 8,
          "col": 3,
          "lit": "path"
        },
        "value": ""
      },
      {
        "key": {
          "type": 0,
          "file": 3,
          "line": 11,
          "col": 3,
          "lit": "if-no-files-found"
        },
        "value": {
          "type": 0,
          "file": 3,
          "line": 19,
          "col": 14,
          "lit": "warn"
        }
      },
      {
        "key": {
          "type": 0,
          "file": 3,
          "line": 20,
          "col": 3,
          "lit": "retention-days"
        },
        "value": ""
      },
      {
        "key": {
          "type": 0,
          "file": 3,
          "line": 26,
          "col": 3,
          "lit": "compression-level"
        },
        "value": {
          "type": 0,
          "file": 3,
          "line": 36,
          "col": 14,
          "lit": "6"
        }
      },
      {
        "key": {
          "type": 0,
          "file": 3,
          "line": 37,
          "col": 3,
          "lit": "overwrite"
        },
        "value": {
          "type": 0,
          "file": 3,
          "line": 42,
          "col": 14,
          "lit": "false"
        }
      },
      {
        "key": {
          "type": 0,
          "file": 3,
          "line": 43,
          "col": 3,
          "lit": "include-hidden-files"
        },
        "value": {
          "type": 0,
          "file": 3,
          "line": 47,
          "col": 14,
          "lit": "false"
        }
      }
    ]
  },
  "execution": {
    "executionType": "nodeJS",
    "hasPre": false,
    "hasPost": false,
    "script": "dist/upload/index.js",
    "pre": null,
    "post": null,
    "nodeVersion": "node20",
    "cleanupCondition": "always()",
    "initCondition": "always()"
  },
  "deprecated": null
}
[2026-06-05 13:46:41Z INFO ActionManager] Action node.js file: dist/upload/index.js, no more preparation.
[2026-06-05 13:46:41Z INFO HostContext] Well known directory 'Bin': 'C:\Users\Levi\Desktop\Attachment\SD Seminar\actions-runner\bin'
[2026-06-05 13:46:41Z INFO HostContext] Well known directory 'Root': 'C:\Users\Levi\Desktop\Attachment\SD Seminar\actions-runner'
[2026-06-05 13:46:41Z INFO HostContext] Well known directory 'Work': 'C:\Users\Levi\Desktop\Attachment\SD Seminar\actions-runner\_work'
[2026-06-05 13:46:41Z INFO HostContext] Well known directory 'Actions': 'C:\Users\Levi\Desktop\Attachment\SD Seminar\actions-runner\_work\_actions'
[2026-06-05 13:46:41Z INFO ActionManager] Load action that reference repository from 'C:\Users\Levi\Desktop\Attachment\SD Seminar\actions-runner\_work\_actions\actions\upload-artifact\v4'
[2026-06-05 13:46:41Z INFO HostContext] Well known directory 'Bin': 'C:\Users\Levi\Desktop\Attachment\SD Seminar\actions-runner\bin'
[2026-06-05 13:46:41Z INFO HostContext] Well known directory 'Root': 'C:\Users\Levi\Desktop\Attachment\SD Seminar\actions-runner'
[2026-06-05 13:46:41Z INFO HostContext] Well known directory 'Work': 'C:\Users\Levi\Desktop\Attachment\SD Seminar\actions-runner\_work'
[2026-06-05 13:46:41Z INFO HostContext] Well known directory 'Actions': 'C:\Users\Levi\Desktop\Attachment\SD Seminar\actions-runner\_work\_actions'
[2026-06-05 13:46:41Z INFO ActionManifestManagerLegacy] Ignore action property author.
[2026-06-05 13:46:41Z INFO ActionManifestManagerLegacy] Loaded action.yml file: {
  "name": "Upload a Build Artifact",
  "description": "Upload a build artifact that can be used by subsequent workflow steps",
  "inputs": {
    "type": 2,
    "map": [
      {
        "key": {
          "type": 0,
          "file": 3,
          "line": 5,
          "col": 3,
          "lit": "name"
        },
        "value": {
          "type": 0,
          "file": 3,
          "line": 7,
          "col": 14,
          "lit": "artifact"
        }
      },
      {
        "key": {
          "type": 0,
          "file": 3,
          "line": 8,
          "col": 3,
          "lit": "path"
        },
        "value": ""
      },
      {
        "key": {
          "type": 0,
          "file": 3,
          "line": 11,
          "col": 3,
          "lit": "if-no-files-found"
        },
        "value": {
          "type": 0,
          "file": 3,
          "line": 19,
          "col": 14,
          "lit": "warn"
        }
      },
      {
        "key": {
          "type": 0,
          "file": 3,
          "line": 20,
          "col": 3,
          "lit": "retention-days"
        },
        "value": ""
      },
      {
        "key": {
          "type": 0,
          "file": 3,
          "line": 26,
          "col": 3,
          "lit": "compression-level"
        },
        "value": {
          "type": 0,
          "file": 3,
          "line": 36,
          "col": 14,
          "lit": "6"
        }
      },
      {
        "key": {
          "type": 0,
          "file": 3,
          "line": 37,
          "col": 3,
          "lit": "overwrite"
        },
        "value": {
          "type": 0,
          "file": 3,
          "line": 42,
          "col": 14,
          "lit": "false"
        }
      },
      {
        "key": {
          "type": 0,
          "file": 3,
          "line": 43,
          "col": 3,
          "lit": "include-hidden-files"
        },
        "value": {
          "type": 0,
          "file": 3,
          "line": 47,
          "col": 14,
          "lit": "false"
        }
      }
    ]
  },
  "execution": {
    "executionType": "nodeJS",
    "hasPre": false,
    "hasPost": false,
    "script": "dist/upload/index.js",
    "pre": null,
    "post": null,
    "nodeVersion": "node20",
    "cleanupCondition": "always()",
    "initCondition": "always()"
  },
  "deprecated": null
}
[2026-06-05 13:46:41Z INFO ActionManager] Action pre node.js file: N/A.
[2026-06-05 13:46:41Z INFO ActionManager] Action node.js file: dist/upload/index.js.
[2026-06-05 13:46:41Z INFO ActionManager] Action post node.js file: N/A.
[2026-06-05 13:46:41Z INFO JobExtension] Adding .
[2026-06-05 13:46:41Z INFO JobExtension] Adding .
[2026-06-05 13:46:41Z INFO JobExtension] Adding .
[2026-06-05 13:46:41Z INFO JobExtension] Adding .
[2026-06-05 13:46:41Z INFO JobExtension] Adding .
[2026-06-05 13:46:41Z INFO HostContext] Well known directory 'Bin': 'C:\Users\Levi\Desktop\Attachment\SD Seminar\actions-runner\bin'
[2026-06-05 13:46:41Z INFO HostContext] Well known directory 'Root': 'C:\Users\Levi\Desktop\Attachment\SD Seminar\actions-runner'
[2026-06-05 13:46:41Z INFO HostContext] Well known directory 'Diag': 'C:\Users\Levi\Desktop\Attachment\SD Seminar\actions-runner\_diag'
[2026-06-05 13:46:41Z INFO HostContext] Well known directory 'Bin': 'C:\Users\Levi\Desktop\Attachment\SD Seminar\actions-runner\bin'
[2026-06-05 13:46:41Z INFO HostContext] Well known directory 'Root': 'C:\Users\Levi\Desktop\Attachment\SD Seminar\actions-runner'
[2026-06-05 13:46:41Z INFO HostContext] Well known directory 'Diag': 'C:\Users\Levi\Desktop\Attachment\SD Seminar\actions-runner\_diag'
[2026-06-05 13:46:41Z INFO HostContext] Well known directory 'Bin': 'C:\Users\Levi\Desktop\Attachment\SD Seminar\actions-runner\bin'
[2026-06-05 13:46:41Z INFO HostContext] Well known directory 'Root': 'C:\Users\Levi\Desktop\Attachment\SD Seminar\actions-runner'
[2026-06-05 13:46:41Z INFO HostContext] Well known directory 'Diag': 'C:\Users\Levi\Desktop\Attachment\SD Seminar\actions-runner\_diag'
[2026-06-05 13:46:41Z INFO HostContext] Well known directory 'Bin': 'C:\Users\Levi\Desktop\Attachment\SD Seminar\actions-runner\bin'
[2026-06-05 13:46:41Z INFO HostContext] Well known directory 'Root': 'C:\Users\Levi\Desktop\Attachment\SD Seminar\actions-runner'
[2026-06-05 13:46:41Z INFO HostContext] Well known directory 'Diag': 'C:\Users\Levi\Desktop\Attachment\SD Seminar\actions-runner\_diag'
[2026-06-05 13:46:41Z INFO HostContext] Well known directory 'Bin': 'C:\Users\Levi\Desktop\Attachment\SD Seminar\actions-runner\bin'
[2026-06-05 13:46:41Z INFO HostContext] Well known directory 'Root': 'C:\Users\Levi\Desktop\Attachment\SD Seminar\actions-runner'
[2026-06-05 13:46:41Z INFO HostContext] Well known directory 'Diag': 'C:\Users\Levi\Desktop\Attachment\SD Seminar\actions-runner\_diag'
[2026-06-05 13:46:41Z INFO HostContext] Well known directory 'Bin': 'C:\Users\Levi\Desktop\Attachment\SD Seminar\actions-runner\bin'
[2026-06-05 13:46:41Z INFO HostContext] Well known directory 'Root': 'C:\Users\Levi\Desktop\Attachment\SD Seminar\actions-runner'
[2026-06-05 13:46:41Z INFO HostContext] Well known directory 'Diag': 'C:\Users\Levi\Desktop\Attachment\SD Seminar\actions-runner\_diag'
[2026-06-05 13:46:41Z INFO HostContext] Well known directory 'Bin': 'C:\Users\Levi\Desktop\Attachment\SD Seminar\actions-runner\bin'
[2026-06-05 13:46:41Z INFO HostContext] Well known directory 'Root': 'C:\Users\Levi\Desktop\Attachment\SD Seminar\actions-runner'
[2026-06-05 13:46:41Z INFO HostContext] Well known directory 'Diag': 'C:\Users\Levi\Desktop\Attachment\SD Seminar\actions-runner\_diag'
[2026-06-05 13:46:41Z INFO HostContext] Well known directory 'Bin': 'C:\Users\Levi\Desktop\Attachment\SD Seminar\actions-runner\bin'
[2026-06-05 13:46:41Z INFO HostContext] Well known directory 'Root': 'C:\Users\Levi\Desktop\Attachment\SD Seminar\actions-runner'
[2026-06-05 13:46:41Z INFO HostContext] Well known directory 'Diag': 'C:\Users\Levi\Desktop\Attachment\SD Seminar\actions-runner\_diag'
[2026-06-05 13:46:41Z INFO HostContext] Well known directory 'Bin': 'C:\Users\Levi\Desktop\Attachment\SD Seminar\actions-runner\bin'
[2026-06-05 13:46:41Z INFO HostContext] Well known directory 'Root': 'C:\Users\Levi\Desktop\Attachment\SD Seminar\actions-runner'
[2026-06-05 13:46:41Z INFO HostContext] Well known directory 'Diag': 'C:\Users\Levi\Desktop\Attachment\SD Seminar\actions-runner\_diag'
[2026-06-05 13:46:41Z INFO HostContext] Well known directory 'Bin': 'C:\Users\Levi\Desktop\Attachment\SD Seminar\actions-runner\bin'
[2026-06-05 13:46:41Z INFO HostContext] Well known directory 'Root': 'C:\Users\Levi\Desktop\Attachment\SD Seminar\actions-runner'
[2026-06-05 13:46:41Z INFO HostContext] Well known directory 'Diag': 'C:\Users\Levi\Desktop\Attachment\SD Seminar\actions-runner\_diag'
[2026-06-05 13:46:41Z INFO JobExtension] Total accessible running process: 253.
[2026-06-05 13:46:41Z INFO HostContext] Well known directory 'Bin': 'C:\Users\Levi\Desktop\Attachment\SD Seminar\actions-runner\bin'
[2026-06-05 13:46:41Z INFO HostContext] Well known directory 'Root': 'C:\Users\Levi\Desktop\Attachment\SD Seminar\actions-runner'
[2026-06-05 13:46:41Z INFO HostContext] Well known directory 'Work': 'C:\Users\Levi\Desktop\Attachment\SD Seminar\actions-runner\_work'
[2026-06-05 13:46:41Z INFO JobExtension] Start checking server connectivity.
[2026-06-05 13:46:41Z INFO JobExtension] Check server connectivity for https://broker.actions.githubusercontent.com/health.
[2026-06-05 13:46:41Z INFO JobExtension] Check server connectivity for https://token.actions.githubusercontent.com/ready.
[2026-06-05 13:46:41Z INFO JobExtension] Check server connectivity for https://run.actions.githubusercontent.com/health.
[2026-06-05 13:46:41Z INFO JobExtension] Start checking service connectivity in background.
[2026-06-05 13:46:41Z INFO ExecutionContext] Publish step telemetry for current step {
  "action": "setup_job",
  "type": "runner",
  "stage": "Pre",
  "stepId": "a96db0bc-6e7e-4b5a-806b-a9d59762d806",
  "result": "succeeded",
  "errorMessages": [],
  "executionTimeInSeconds": 9,
  "startTime": "2026-06-05T13:46:32.4510694Z",
  "finishTime": "2026-06-05T13:46:41.1416652Z"
}.
[2026-06-05 13:46:41Z INFO JobRunner] Total job steps: 5.
[2026-06-05 13:46:41Z INFO JobRunner] Run all job steps.
[2026-06-05 13:46:41Z INFO DapDebugger] DapDebugger initialized
[2026-06-05 13:46:41Z INFO StepsRunner] Processing step: DisplayName='Checkout repository'
[2026-06-05 13:46:41Z INFO JobServerQueue] Try to append 1 batches web console lines for record 'a96db0bc-6e7e-4b5a-806b-a9d59762d806', success rate: 1/1.
[2026-06-05 13:46:41Z INFO StepsRunner] Evaluating: success()
[2026-06-05 13:46:41Z INFO StepsRunner] Result: true
[2026-06-05 13:46:41Z INFO StepsRunner] Starting the step.
[2026-06-05 13:46:41Z INFO HostContext] Well known directory 'Bin': 'C:\Users\Levi\Desktop\Attachment\SD Seminar\actions-runner\bin'
[2026-06-05 13:46:41Z INFO HostContext] Well known directory 'Root': 'C:\Users\Levi\Desktop\Attachment\SD Seminar\actions-runner'
[2026-06-05 13:46:41Z INFO HostContext] Well known directory 'Work': 'C:\Users\Levi\Desktop\Attachment\SD Seminar\actions-runner\_work'
[2026-06-05 13:46:41Z INFO StepsRunner] Which2: 'chcp'
[2026-06-05 13:46:41Z INFO StepsRunner] Location: 'C:\Windows\system32\chcp.COM'
[2026-06-05 13:46:41Z INFO ProcessInvokerWrapper] Starting process:
[2026-06-05 13:46:41Z INFO ProcessInvokerWrapper]   File name: 'C:\Windows\system32\chcp.COM'
[2026-06-05 13:46:41Z INFO ProcessInvokerWrapper]   Arguments: '65001'
[2026-06-05 13:46:41Z INFO ProcessInvokerWrapper]   Working directory: 'C:\Users\Levi\Desktop\Attachment\SD Seminar\actions-runner\_work'
[2026-06-05 13:46:41Z INFO ProcessInvokerWrapper]   Require exit code zero: 'False'
[2026-06-05 13:46:41Z INFO ProcessInvokerWrapper]   Encoding web name:  ; code page: ''
[2026-06-05 13:46:41Z INFO ProcessInvokerWrapper]   Force kill process on cancellation: 'False'
[2026-06-05 13:46:41Z INFO ProcessInvokerWrapper]   Redirected STDIN: 'False'
[2026-06-05 13:46:41Z INFO ProcessInvokerWrapper]   Persist current code page: 'True'
[2026-06-05 13:46:41Z INFO ProcessInvokerWrapper]   Keep redirected STDIN open: 'False'
[2026-06-05 13:46:41Z INFO ProcessInvokerWrapper]   High priority process: 'False'
[2026-06-05 13:46:41Z INFO ProcessInvokerWrapper] Process started with process id 12528, waiting for process exit.
[2026-06-05 13:46:41Z INFO ProcessInvokerWrapper] STDOUT/STDERR stream read finished.
[2026-06-05 13:46:41Z INFO ProcessInvokerWrapper] STDOUT/STDERR stream read finished.
[2026-06-05 13:46:41Z INFO ProcessInvokerWrapper] Finished process 12528 with exit code 0, and elapsed time 00:00:00.0232433.
[2026-06-05 13:46:41Z INFO StepsRunner] Successfully returned to code page 65001 (UTF8)
[2026-06-05 13:46:41Z INFO HostContext] Well known directory 'Bin': 'C:\Users\Levi\Desktop\Attachment\SD Seminar\actions-runner\bin'
[2026-06-05 13:46:41Z INFO HostContext] Well known directory 'Root': 'C:\Users\Levi\Desktop\Attachment\SD Seminar\actions-runner'
[2026-06-05 13:46:41Z INFO HostContext] Well known directory 'Work': 'C:\Users\Levi\Desktop\Attachment\SD Seminar\actions-runner\_work'
[2026-06-05 13:46:41Z INFO HostContext] Well known directory 'Actions': 'C:\Users\Levi\Desktop\Attachment\SD Seminar\actions-runner\_work\_actions'
[2026-06-05 13:46:41Z INFO ActionManager] Load action that reference repository from 'C:\Users\Levi\Desktop\Attachment\SD Seminar\actions-runner\_work\_actions\actions\checkout\v4'
[2026-06-05 13:46:41Z INFO HostContext] Well known directory 'Bin': 'C:\Users\Levi\Desktop\Attachment\SD Seminar\actions-runner\bin'
[2026-06-05 13:46:41Z INFO HostContext] Well known directory 'Root': 'C:\Users\Levi\Desktop\Attachment\SD Seminar\actions-runner'
[2026-06-05 13:46:41Z INFO HostContext] Well known directory 'Work': 'C:\Users\Levi\Desktop\Attachment\SD Seminar\actions-runner\_work'
[2026-06-05 13:46:41Z INFO HostContext] Well known directory 'Actions': 'C:\Users\Levi\Desktop\Attachment\SD Seminar\actions-runner\_work\_actions'
[2026-06-05 13:46:41Z INFO ActionManifestManagerLegacy] Loaded action.yml file: {
  "name": "Checkout",
  "description": "Checkout a Git repository at a particular version",
  "inputs": {
    "type": 2,
    "map": [
      {
        "key": {
          "type": 0,
          "file": 2,
          "line": 4,
          "col": 3,
          "lit": "repository"
        },
        "value": {
          "type": 3,
          "file": 2,
          "line": 6,
          "col": 14,
          "expr": "github.repository"
        }
      },
      {
        "key": {
          "type": 0,
          "file": 2,
          "line": 7,
          "col": 3,
          "lit": "ref"
        },
        "value": ""
      },
      {
        "key": {
          "type": 0,
          "file": 2,
          "line": 12,
          "col": 3,
          "lit": "token"
        },
        "value": {
          "type": 3,
          "file": 2,
          "line": 24,
          "col": 14,
          "expr": "github.token"
        }
      },
      {
        "key": {
          "type": 0,
          "file": 2,
          "line": 25,
          "col": 3,
          "lit": "ssh-key"
        },
        "value": ""
      },
      {
        "key": {
          "type": 0,
          "file": 2,
          "line": 37,
          "col": 3,
          "lit": "ssh-known-hosts"
        },
        "value": ""
      },
      {
        "key": {
          "type": 0,
          "file": 2,
          "line": 42,
          "col": 3,
          "lit": "ssh-strict"
        },
        "value": {
          "type": 0,
          "file": 2,
          "line": 47,
          "col": 14,
          "lit": "true"
        }
      },
      {
        "key": {
          "type": 0,
          "file": 2,
          "line": 48,
          "col": 3,
          "lit": "ssh-user"
        },
        "value": {
          "type": 0,
          "file": 2,
          "line": 51,
          "col": 14,
          "lit": "git"
        }
      },
      {
        "key": {
          "type": 0,
          "file": 2,
          "line": 52,
          "col": 3,
          "lit": "persist-credentials"
        },
        "value": {
          "type": 0,
          "file": 2,
          "line": 54,
          "col": 14,
          "lit": "true"
        }
      },
      {
        "key": {
          "type": 0,
          "file": 2,
          "line": 55,
          "col": 3,
          "lit": "path"
        },
        "value": ""
      },
      {
        "key": {
          "type": 0,
          "file": 2,
          "line": 57,
          "col": 3,
          "lit": "clean"
        },
        "value": {
          "type": 0,
          "file": 2,
          "line": 59,
          "col": 14,
          "lit": "true"
        }
      },
      {
        "key": {
          "type": 0,
          "file": 2,
          "line": 60,
          "col": 3,
          "lit": "filter"
        },
        "value": {
          "type": 0,
          "file": 2,
          "line": 64,
          "col": 14,
          "lit": ""
        }
      },
      {
        "key": {
          "type": 0,
          "file": 2,
          "line": 65,
          "col": 3,
          "lit": "sparse-checkout"
        },
        "value": {
          "type": 0,
          "file": 2,
          "line": 69,
          "col": 14,
          "lit": ""
        }
      },
      {
        "key": {
          "type": 0,
          "file": 2,
          "line": 70,
          "col": 3,
          "lit": "sparse-checkout-cone-mode"
        },
        "value": {
          "type": 0,
          "file": 2,
          "line": 73,
          "col": 14,
          "lit": "true"
        }
      },
      {
        "key": {
          "type": 0,
          "file": 2,
          "line": 74,
          "col": 3,
          "lit": "fetch-depth"
        },
        "value": {
          "type": 0,
          "file": 2,
          "line": 76,
          "col": 14,
          "lit": "1"
        }
      },
      {
        "key": {
          "type": 0,
          "file": 2,
          "line": 77,
          "col": 3,
          "lit": "fetch-tags"
        },
        "value": {
          "type": 0,
          "file": 2,
          "line": 79,
          "col": 14,
          "lit": "false"
        }
      },
      {
        "key": {
          "type": 0,
          "file": 2,
          "line": 80,
          "col": 3,
          "lit": "show-progress"
        },
        "value": {
          "type": 0,
          "file": 2,
          "line": 82,
          "col": 14,
          "lit": "true"
        }
      },
      {
        "key": {
          "type": 0,
          "file": 2,
          "line": 83,
          "col": 3,
          "lit": "lfs"
        },
        "value": {
          "type": 0,
          "file": 2,
          "line": 85,
          "col": 14,
          "lit": "false"
        }
      },
      {
        "key": {
          "type": 0,
          "file": 2,
          "line": 86,
          "col": 3,
          "lit": "submodules"
        },
        "value": {
          "type": 0,
          "file": 2,
          "line": 94,
          "col": 14,
          "lit": "false"
        }
      },
      {
        "key": {
          "type": 0,
          "file": 2,
          "line": 95,
          "col": 3,
          "lit": "set-safe-directory"
        },
        "value": {
          "type": 0,
          "file": 2,
          "line": 97,
          "col": 14,
          "lit": "true"
        }
      },
      {
        "key": {
          "type": 0,
          "file": 2,
          "line": 98,
          "col": 3,
          "lit": "github-server-url"
        },
        "value": ""
      }
    ]
  },
  "execution": {
    "executionType": "nodeJS",
    "hasPre": false,
    "hasPost": true,
    "script": "dist/index.js",
    "pre": null,
    "post": "dist/index.js",
    "nodeVersion": "node20",
    "cleanupCondition": "always()",
    "initCondition": "always()"
  },
  "deprecated": null
}
[2026-06-05 13:46:41Z INFO ActionManager] Action pre node.js file: N/A.
[2026-06-05 13:46:41Z INFO ActionManager] Action node.js file: dist/index.js.
[2026-06-05 13:46:41Z INFO ActionManager] Action post node.js file: dist/index.js.
[2026-06-05 13:46:41Z INFO ExecutionContext] Reserve record order 7 to 12 for post job actions.
[2026-06-05 13:46:41Z INFO HostContext] Well known directory 'Bin': 'C:\Users\Levi\Desktop\Attachment\SD Seminar\actions-runner\bin'
[2026-06-05 13:46:41Z INFO HostContext] Well known directory 'Root': 'C:\Users\Levi\Desktop\Attachment\SD Seminar\actions-runner'
[2026-06-05 13:46:41Z INFO HostContext] Well known directory 'Diag': 'C:\Users\Levi\Desktop\Attachment\SD Seminar\actions-runner\_diag'
[2026-06-05 13:46:41Z INFO HostContext] Well known directory 'Bin': 'C:\Users\Levi\Desktop\Attachment\SD Seminar\actions-runner\bin'
[2026-06-05 13:46:41Z INFO HostContext] Well known directory 'Root': 'C:\Users\Levi\Desktop\Attachment\SD Seminar\actions-runner'
[2026-06-05 13:46:41Z INFO HostContext] Well known directory 'Diag': 'C:\Users\Levi\Desktop\Attachment\SD Seminar\actions-runner\_diag'
[2026-06-05 13:46:41Z INFO HostContext] Well known directory 'Bin': 'C:\Users\Levi\Desktop\Attachment\SD Seminar\actions-runner\bin'
[2026-06-05 13:46:41Z INFO HostContext] Well known directory 'Root': 'C:\Users\Levi\Desktop\Attachment\SD Seminar\actions-runner'
[2026-06-05 13:46:41Z INFO HostContext] Well known directory 'Work': 'C:\Users\Levi\Desktop\Attachment\SD Seminar\actions-runner\_work'
[2026-06-05 13:46:41Z INFO HostContext] Well known directory 'Temp': 'C:\Users\Levi\Desktop\Attachment\SD Seminar\actions-runner\_work\_temp'
[2026-06-05 13:46:41Z INFO ExecutionContext] Write event payload to C:\Users\Levi\Desktop\Attachment\SD Seminar\actions-runner\_work\_temp\_github_workflow\event.json
[2026-06-05 13:46:41Z INFO HostContext] Well known directory 'Bin': 'C:\Users\Levi\Desktop\Attachment\SD Seminar\actions-runner\bin'
[2026-06-05 13:46:41Z INFO HostContext] Well known directory 'Root': 'C:\Users\Levi\Desktop\Attachment\SD Seminar\actions-runner'
[2026-06-05 13:46:41Z INFO HostContext] Well known directory 'Work': 'C:\Users\Levi\Desktop\Attachment\SD Seminar\actions-runner\_work'
[2026-06-05 13:46:41Z INFO HostContext] Well known directory 'Temp': 'C:\Users\Levi\Desktop\Attachment\SD Seminar\actions-runner\_work\_temp'
[2026-06-05 13:46:41Z INFO ExtensionManager] Getting extensions for interface: 'GitHub.Runner.Worker.IFileCommandExtension'
[2026-06-05 13:46:41Z INFO ExtensionManager] Creating instance: GitHub.Runner.Worker.AddPathFileCommand, Runner.Worker
[2026-06-05 13:46:41Z INFO ExtensionManager] Creating instance: GitHub.Runner.Worker.SetEnvFileCommand, Runner.Worker
[2026-06-05 13:46:41Z INFO ExtensionManager] Creating instance: GitHub.Runner.Worker.CreateStepSummaryCommand, Runner.Worker
[2026-06-05 13:46:41Z INFO ExtensionManager] Creating instance: GitHub.Runner.Worker.SaveStateFileCommand, Runner.Worker
[2026-06-05 13:46:41Z INFO ExtensionManager] Creating instance: GitHub.Runner.Worker.SetOutputFileCommand, Runner.Worker
[2026-06-05 13:46:41Z INFO ActionManifestManagerLegacy] Input 'repository': default value evaluate result: {
  "type": 0,
  "file": 2,
  "line": 6,
  "col": 14,
  "lit": "LeviNjoroge/SD-Seminar"
}
[2026-06-05 13:46:41Z INFO ActionManifestManagerLegacy] Input 'ref': default value evaluate result: ""
[2026-06-05 13:46:41Z INFO ActionManifestManagerLegacy] Input 'token': default value evaluate result: {
  "type": 0,
  "file": 2,
  "line": 24,
  "col": 14,
  "lit": "***"
}
[2026-06-05 13:46:41Z INFO ActionManifestManagerLegacy] Input 'ssh-key': default value evaluate result: ""
[2026-06-05 13:46:41Z INFO ActionManifestManagerLegacy] Input 'ssh-known-hosts': default value evaluate result: ""
[2026-06-05 13:46:41Z INFO ActionManifestManagerLegacy] Input 'ssh-strict': default value evaluate result: {
  "type": 0,
  "file": 2,
  "line": 47,
  "col": 14,
  "lit": "true"
}
[2026-06-05 13:46:41Z INFO ActionManifestManagerLegacy] Input 'ssh-user': default value evaluate result: {
  "type": 0,
  "file": 2,
  "line": 51,
  "col": 14,
  "lit": "git"
}
[2026-06-05 13:46:41Z INFO ActionManifestManagerLegacy] Input 'persist-credentials': default value evaluate result: {
  "type": 0,
  "file": 2,
  "line": 54,
  "col": 14,
  "lit": "true"
}
[2026-06-05 13:46:41Z INFO ActionManifestManagerLegacy] Input 'path': default value evaluate result: ""
[2026-06-05 13:46:41Z INFO ActionManifestManagerLegacy] Input 'clean': default value evaluate result: {
  "type": 0,
  "file": 2,
  "line": 59,
  "col": 14,
  "lit": "true"
}
[2026-06-05 13:46:41Z INFO ActionManifestManagerLegacy] Input 'filter': default value evaluate result: {
  "type": 0,
  "file": 2,
  "line": 64,
  "col": 14,
  "lit": ""
}
[2026-06-05 13:46:41Z INFO ActionManifestManagerLegacy] Input 'sparse-checkout': default value evaluate result: {
  "type": 0,
  "file": 2,
  "line": 69,
  "col": 14,
  "lit": ""
}
[2026-06-05 13:46:41Z INFO ActionManifestManagerLegacy] Input 'sparse-checkout-cone-mode': default value evaluate result: {
  "type": 0,
  "file": 2,
  "line": 73,
  "col": 14,
  "lit": "true"
}
[2026-06-05 13:46:41Z INFO ActionManifestManagerLegacy] Input 'fetch-depth': default value evaluate result: {
  "type": 0,
  "file": 2,
  "line": 76,
  "col": 14,
  "lit": "1"
}
[2026-06-05 13:46:41Z INFO ActionManifestManagerLegacy] Input 'fetch-tags': default value evaluate result: {
  "type": 0,
  "file": 2,
  "line": 79,
  "col": 14,
  "lit": "false"
}
[2026-06-05 13:46:41Z INFO ActionManifestManagerLegacy] Input 'show-progress': default value evaluate result: {
  "type": 0,
  "file": 2,
  "line": 82,
  "col": 14,
  "lit": "true"
}
[2026-06-05 13:46:41Z INFO ActionManifestManagerLegacy] Input 'lfs': default value evaluate result: {
  "type": 0,
  "file": 2,
  "line": 85,
  "col": 14,
  "lit": "false"
}
[2026-06-05 13:46:41Z INFO ActionManifestManagerLegacy] Input 'submodules': default value evaluate result: {
  "type": 0,
  "file": 2,
  "line": 94,
  "col": 14,
  "lit": "false"
}
[2026-06-05 13:46:41Z INFO ActionManifestManagerLegacy] Input 'set-safe-directory': default value evaluate result: {
  "type": 0,
  "file": 2,
  "line": 97,
  "col": 14,
  "lit": "true"
}
[2026-06-05 13:46:41Z INFO ActionManifestManagerLegacy] Input 'github-server-url': default value evaluate result: ""
[2026-06-05 13:46:41Z INFO ExtensionManager] Getting extensions for interface: 'GitHub.Runner.Worker.IActionCommandExtension'
[2026-06-05 13:46:41Z INFO ExtensionManager] Creating instance: GitHub.Runner.Worker.InternalPluginSetRepoPathCommandExtension, Runner.Worker
[2026-06-05 13:46:41Z INFO ExtensionManager] Creating instance: GitHub.Runner.Worker.SetEnvCommandExtension, Runner.Worker
[2026-06-05 13:46:41Z INFO ExtensionManager] Creating instance: GitHub.Runner.Worker.SetOutputCommandExtension, Runner.Worker
[2026-06-05 13:46:41Z INFO ExtensionManager] Creating instance: GitHub.Runner.Worker.SaveStateCommandExtension, Runner.Worker
[2026-06-05 13:46:41Z INFO ExtensionManager] Creating instance: GitHub.Runner.Worker.AddPathCommandExtension, Runner.Worker
[2026-06-05 13:46:41Z INFO ExtensionManager] Creating instance: GitHub.Runner.Worker.AddMaskCommandExtension, Runner.Worker
[2026-06-05 13:46:41Z INFO ExtensionManager] Creating instance: GitHub.Runner.Worker.AddMatcherCommandExtension, Runner.Worker
[2026-06-05 13:46:41Z INFO ExtensionManager] Creating instance: GitHub.Runner.Worker.RemoveMatcherCommandExtension, Runner.Worker
[2026-06-05 13:46:41Z INFO ExtensionManager] Creating instance: GitHub.Runner.Worker.WarningCommandExtension, Runner.Worker
[2026-06-05 13:46:41Z INFO ExtensionManager] Creating instance: GitHub.Runner.Worker.ErrorCommandExtension, Runner.Worker
[2026-06-05 13:46:41Z INFO ExtensionManager] Creating instance: GitHub.Runner.Worker.NoticeCommandExtension, Runner.Worker
[2026-06-05 13:46:41Z INFO ExtensionManager] Creating instance: GitHub.Runner.Worker.DebugCommandExtension, Runner.Worker
[2026-06-05 13:46:41Z INFO ExtensionManager] Creating instance: GitHub.Runner.Worker.GroupCommandExtension, Runner.Worker
[2026-06-05 13:46:41Z INFO ExtensionManager] Creating instance: GitHub.Runner.Worker.EndGroupCommandExtension, Runner.Worker
[2026-06-05 13:46:41Z INFO ExtensionManager] Creating instance: GitHub.Runner.Worker.EchoCommandExtension, Runner.Worker
[2026-06-05 13:46:41Z INFO ActionCommandManager] Register action command extension for command internal-set-repo-path
[2026-06-05 13:46:41Z INFO ActionCommandManager] Register action command extension for command set-env
[2026-06-05 13:46:41Z INFO ActionCommandManager] Register action command extension for command set-output
[2026-06-05 13:46:41Z INFO ActionCommandManager] Register action command extension for command save-state
[2026-06-05 13:46:41Z INFO ActionCommandManager] Register action command extension for command add-path
[2026-06-05 13:46:41Z INFO ActionCommandManager] Register action command extension for command add-mask
[2026-06-05 13:46:41Z INFO ActionCommandManager] Register action command extension for command add-matcher
[2026-06-05 13:46:41Z INFO ActionCommandManager] Register action command extension for command remove-matcher
[2026-06-05 13:46:41Z INFO ActionCommandManager] Register action command extension for command warning
[2026-06-05 13:46:41Z INFO ActionCommandManager] Register action command extension for command error
[2026-06-05 13:46:41Z INFO ActionCommandManager] Register action command extension for command notice
[2026-06-05 13:46:41Z INFO ActionCommandManager] Register action command extension for command debug
[2026-06-05 13:46:41Z INFO ActionCommandManager] Register action command extension for command group
[2026-06-05 13:46:41Z INFO ActionCommandManager] Register action command extension for command endgroup
[2026-06-05 13:46:41Z INFO ActionCommandManager] Register action command extension for command echo
[2026-06-05 13:46:41Z INFO HostContext] Well known directory 'Bin': 'C:\Users\Levi\Desktop\Attachment\SD Seminar\actions-runner\bin'
[2026-06-05 13:46:41Z INFO HostContext] Well known directory 'Root': 'C:\Users\Levi\Desktop\Attachment\SD Seminar\actions-runner'
[2026-06-05 13:46:41Z INFO HostContext] Well known directory 'Externals': 'C:\Users\Levi\Desktop\Attachment\SD Seminar\actions-runner\externals'
[2026-06-05 13:46:41Z INFO ProcessInvokerWrapper] Starting process:
[2026-06-05 13:46:41Z INFO ProcessInvokerWrapper]   File name: 'C:\Users\Levi\Desktop\Attachment\SD Seminar\actions-runner\externals\node20\bin\node.exe'
[2026-06-05 13:46:41Z INFO ProcessInvokerWrapper]   Arguments: '"C:\Users\Levi\Desktop\Attachment\SD Seminar\actions-runner\_work\_actions\actions\checkout\v4\dist/index.js"'
[2026-06-05 13:46:41Z INFO ProcessInvokerWrapper]   Working directory: 'C:\Users\Levi\Desktop\Attachment\SD Seminar\actions-runner\_work\SD-Seminar\SD-Seminar'
[2026-06-05 13:46:41Z INFO ProcessInvokerWrapper]   Require exit code zero: 'False'
[2026-06-05 13:46:41Z INFO ProcessInvokerWrapper]   Encoding web name: utf-8 ; code page: '65001'
[2026-06-05 13:46:41Z INFO ProcessInvokerWrapper]   Force kill process on cancellation: 'False'
[2026-06-05 13:46:41Z INFO ProcessInvokerWrapper]   Redirected STDIN: 'False'
[2026-06-05 13:46:41Z INFO ProcessInvokerWrapper]   Persist current code page: 'True'
[2026-06-05 13:46:41Z INFO ProcessInvokerWrapper]   Keep redirected STDIN open: 'False'
[2026-06-05 13:46:41Z INFO ProcessInvokerWrapper]   High priority process: 'False'
[2026-06-05 13:46:41Z INFO ProcessInvokerWrapper] Process started with process id 13344, waiting for process exit.
[2026-06-05 13:46:41Z INFO JobServerQueue] Try to append 1 batches web console lines for record '5b4d3d3c-a41c-4d79-bc0a-9e7c84a74bf5', success rate: 1/1.
[2026-06-05 13:46:41Z INFO JobServerQueue] Got a step log file to send to results service.
[2026-06-05 13:46:41Z INFO JobServerQueue] Starting upload of step log file to results service ResultsLog, C:\Users\Levi\Desktop\Attachment\SD Seminar\actions-runner\_diag\blocks\793bc2a6-62ba-4c4e-8bfc-a34ada35c502_a96db0bc-6e7e-4b5a-806b-a9d59762d806.1
[2026-06-05 13:46:41Z INFO JobServerQueue] Try to upload 1 log files or attachments, success rate: 1/1.
[2026-06-05 13:46:42Z INFO JobServerQueue] Try to append 1 batches web console lines for record '5b4d3d3c-a41c-4d79-bc0a-9e7c84a74bf5', success rate: 1/1.
[2026-06-05 13:46:42Z INFO AddMaskCommandExtension] Add new secret mask with length of 588
[2026-06-05 13:46:42Z INFO JobServerQueue] Try to append 1 batches web console lines for record '5b4d3d3c-a41c-4d79-bc0a-9e7c84a74bf5', success rate: 1/1.
[2026-06-05 13:46:42Z INFO JobServerQueue] Try to append 1 batches web console lines for record '5b4d3d3c-a41c-4d79-bc0a-9e7c84a74bf5', success rate: 1/1.
[2026-06-05 13:46:43Z INFO JobServerQueue] Tried to upload 1 file(s) to results, success rate: 1/1.
[2026-06-05 13:46:44Z INFO JobServerQueue] Try to append 1 batches web console lines for record '5b4d3d3c-a41c-4d79-bc0a-9e7c84a74bf5', success rate: 1/1.
[2026-06-05 13:46:44Z INFO JobServerQueue] Try to append 1 batches web console lines for record '5b4d3d3c-a41c-4d79-bc0a-9e7c84a74bf5', success rate: 1/1.
[2026-06-05 13:46:45Z INFO JobServerQueue] Try to append 1 batches web console lines for record '5b4d3d3c-a41c-4d79-bc0a-9e7c84a74bf5', success rate: 1/1.
[2026-06-05 13:46:46Z INFO JobServerQueue] Try to append 1 batches web console lines for record '5b4d3d3c-a41c-4d79-bc0a-9e7c84a74bf5', success rate: 1/1.
[2026-06-05 13:46:46Z INFO JobServerQueue] Try to append 1 batches web console lines for record '5b4d3d3c-a41c-4d79-bc0a-9e7c84a74bf5', success rate: 1/1.
[2026-06-05 13:46:48Z INFO JobServerQueue] Try to append 1 batches web console lines for record '5b4d3d3c-a41c-4d79-bc0a-9e7c84a74bf5', success rate: 1/1.
[2026-06-05 13:46:48Z INFO ProcessInvokerWrapper] STDOUT/STDERR stream read finished.
[2026-06-05 13:46:48Z INFO ProcessInvokerWrapper] STDOUT/STDERR stream read finished.
[2026-06-05 13:46:48Z INFO ProcessInvokerWrapper] Finished process 13344 with exit code 0, and elapsed time 00:00:07.1725033.
[2026-06-05 13:46:48Z INFO CreateStepSummaryCommand] Step Summary file (C:\Users\Levi\Desktop\Attachment\SD Seminar\actions-runner\_work\_temp\_runner_file_commands\step_summary_4490d5a5-5d30-48d0-bc9b-c558c05ca27f) is empty; skipping attachment upload
[2026-06-05 13:46:48Z INFO StepsRunner] Step result: 
[2026-06-05 13:46:48Z INFO ExecutionContext] Publish step telemetry for current step {
  "action": "actions/checkout",
  "ref": "v4",
  "type": "node20",
  "stage": "Main",
  "stepId": "5b4d3d3c-a41c-4d79-bc0a-9e7c84a74bf5",
  "stepContextName": "__actions_checkout",
  "hasPreStep": false,
  "hasPostStep": true,
  "result": "succeeded",
  "errorMessages": [],
  "executionTimeInSeconds": 8,
  "startTime": "2026-06-05T13:46:41.1720476Z",
  "finishTime": "2026-06-05T13:46:48.5213412Z"
}.
[2026-06-05 13:46:48Z INFO StepsRunner] No need for updating job result with current step result 'Succeeded'.
[2026-06-05 13:46:48Z INFO StepsRunner] Current state: job state = ''
[2026-06-05 13:46:48Z INFO StepsRunner] Processing step: DisplayName='Setup PowerShell'
[2026-06-05 13:46:48Z INFO StepsRunner] Evaluating: success()
[2026-06-05 13:46:48Z INFO StepsRunner] Result: true
[2026-06-05 13:46:48Z INFO StepsRunner] Starting the step.
[2026-06-05 13:46:48Z INFO HostContext] Well known directory 'Bin': 'C:\Users\Levi\Desktop\Attachment\SD Seminar\actions-runner\bin'
[2026-06-05 13:46:48Z INFO HostContext] Well known directory 'Root': 'C:\Users\Levi\Desktop\Attachment\SD Seminar\actions-runner'
[2026-06-05 13:46:48Z INFO HostContext] Well known directory 'Work': 'C:\Users\Levi\Desktop\Attachment\SD Seminar\actions-runner\_work'
[2026-06-05 13:46:48Z INFO StepsRunner] Which2: 'chcp'
[2026-06-05 13:46:48Z INFO StepsRunner] Location: 'C:\Windows\system32\chcp.COM'
[2026-06-05 13:46:48Z INFO ProcessInvokerWrapper] Starting process:
[2026-06-05 13:46:48Z INFO ProcessInvokerWrapper]   File name: 'C:\Windows\system32\chcp.COM'
[2026-06-05 13:46:48Z INFO ProcessInvokerWrapper]   Arguments: '65001'
[2026-06-05 13:46:48Z INFO ProcessInvokerWrapper]   Working directory: 'C:\Users\Levi\Desktop\Attachment\SD Seminar\actions-runner\_work'
[2026-06-05 13:46:48Z INFO ProcessInvokerWrapper]   Require exit code zero: 'False'
[2026-06-05 13:46:48Z INFO ProcessInvokerWrapper]   Encoding web name:  ; code page: ''
[2026-06-05 13:46:48Z INFO ProcessInvokerWrapper]   Force kill process on cancellation: 'False'
[2026-06-05 13:46:48Z INFO ProcessInvokerWrapper]   Redirected STDIN: 'False'
[2026-06-05 13:46:48Z INFO ProcessInvokerWrapper]   Persist current code page: 'True'
[2026-06-05 13:46:48Z INFO ProcessInvokerWrapper]   Keep redirected STDIN open: 'False'
[2026-06-05 13:46:48Z INFO ProcessInvokerWrapper]   High priority process: 'False'
[2026-06-05 13:46:48Z INFO ProcessInvokerWrapper] Process started with process id 12324, waiting for process exit.
[2026-06-05 13:46:48Z INFO ProcessInvokerWrapper] STDOUT/STDERR stream read finished.
[2026-06-05 13:46:48Z INFO ProcessInvokerWrapper] STDOUT/STDERR stream read finished.
[2026-06-05 13:46:48Z INFO ProcessInvokerWrapper] Finished process 12324 with exit code 0, and elapsed time 00:00:00.0101084.
[2026-06-05 13:46:48Z INFO StepsRunner] Successfully returned to code page 65001 (UTF8)
[2026-06-05 13:46:48Z INFO HostContext] Well known directory 'Bin': 'C:\Users\Levi\Desktop\Attachment\SD Seminar\actions-runner\bin'
[2026-06-05 13:46:48Z INFO HostContext] Well known directory 'Root': 'C:\Users\Levi\Desktop\Attachment\SD Seminar\actions-runner'
[2026-06-05 13:46:48Z INFO HostContext] Well known directory 'Work': 'C:\Users\Levi\Desktop\Attachment\SD Seminar\actions-runner\_work'
[2026-06-05 13:46:48Z INFO HostContext] Well known directory 'Temp': 'C:\Users\Levi\Desktop\Attachment\SD Seminar\actions-runner\_work\_temp'
[2026-06-05 13:46:48Z INFO ExecutionContext] Write event payload to C:\Users\Levi\Desktop\Attachment\SD Seminar\actions-runner\_work\_temp\_github_workflow\event.json
[2026-06-05 13:46:48Z INFO HostContext] Well known directory 'Bin': 'C:\Users\Levi\Desktop\Attachment\SD Seminar\actions-runner\bin'
[2026-06-05 13:46:48Z INFO HostContext] Well known directory 'Root': 'C:\Users\Levi\Desktop\Attachment\SD Seminar\actions-runner'
[2026-06-05 13:46:48Z INFO HostContext] Well known directory 'Work': 'C:\Users\Levi\Desktop\Attachment\SD Seminar\actions-runner\_work'
[2026-06-05 13:46:48Z INFO HostContext] Well known directory 'Temp': 'C:\Users\Levi\Desktop\Attachment\SD Seminar\actions-runner\_work\_temp'
[2026-06-05 13:46:48Z INFO ExtensionManager] Getting extensions for interface: 'GitHub.Runner.Worker.IFileCommandExtension'
[2026-06-05 13:46:48Z INFO ExtensionManager] Getting extensions for interface: 'GitHub.Runner.Worker.IActionCommandExtension'
[2026-06-05 13:46:48Z INFO ActionCommandManager] Register action command extension for command internal-set-repo-path
[2026-06-05 13:46:48Z INFO ActionCommandManager] Register action command extension for command set-env
[2026-06-05 13:46:48Z INFO ActionCommandManager] Register action command extension for command set-output
[2026-06-05 13:46:48Z INFO ActionCommandManager] Register action command extension for command save-state
[2026-06-05 13:46:48Z INFO ActionCommandManager] Register action command extension for command add-path
[2026-06-05 13:46:48Z INFO ActionCommandManager] Register action command extension for command add-mask
[2026-06-05 13:46:48Z INFO ActionCommandManager] Register action command extension for command add-matcher
[2026-06-05 13:46:48Z INFO ActionCommandManager] Register action command extension for command remove-matcher
[2026-06-05 13:46:48Z INFO ActionCommandManager] Register action command extension for command warning
[2026-06-05 13:46:48Z INFO ActionCommandManager] Register action command extension for command error
[2026-06-05 13:46:48Z INFO ActionCommandManager] Register action command extension for command notice
[2026-06-05 13:46:48Z INFO ActionCommandManager] Register action command extension for command debug
[2026-06-05 13:46:48Z INFO ActionCommandManager] Register action command extension for command group
[2026-06-05 13:46:48Z INFO ActionCommandManager] Register action command extension for command endgroup
[2026-06-05 13:46:48Z INFO ActionCommandManager] Register action command extension for command echo
[2026-06-05 13:46:48Z INFO ScriptHandler] Which2: 'pwsh'
[2026-06-05 13:46:48Z INFO ScriptHandler] Location: 'C:\Program Files\PowerShell\7\pwsh.EXE'
[2026-06-05 13:46:48Z INFO HostContext] Well known directory 'Bin': 'C:\Users\Levi\Desktop\Attachment\SD Seminar\actions-runner\bin'
[2026-06-05 13:46:48Z INFO HostContext] Well known directory 'Root': 'C:\Users\Levi\Desktop\Attachment\SD Seminar\actions-runner'
[2026-06-05 13:46:48Z INFO HostContext] Well known directory 'Work': 'C:\Users\Levi\Desktop\Attachment\SD Seminar\actions-runner\_work'
[2026-06-05 13:46:48Z INFO HostContext] Well known directory 'Temp': 'C:\Users\Levi\Desktop\Attachment\SD Seminar\actions-runner\_work\_temp'
[2026-06-05 13:46:48Z INFO ScriptHandler] Which2: 'pwsh'
[2026-06-05 13:46:48Z INFO ScriptHandler] Location: 'C:\Program Files\PowerShell\7\pwsh.EXE'
[2026-06-05 13:46:48Z INFO JobServerQueue] Try to upload 1 log files or attachments, success rate: 1/1.
[2026-06-05 13:46:48Z INFO ProcessInvokerWrapper] Starting process:
[2026-06-05 13:46:48Z INFO ProcessInvokerWrapper]   File name: 'C:\Program Files\PowerShell\7\pwsh.EXE'
[2026-06-05 13:46:48Z INFO ProcessInvokerWrapper]   Arguments: '-command ". 'C:\Users\Levi\Desktop\Attachment\SD Seminar\actions-runner\_work\_temp\1e953964-13ad-429b-ae94-ba3137c1189e.ps1'"'
[2026-06-05 13:46:48Z INFO ProcessInvokerWrapper]   Working directory: 'C:\Users\Levi\Desktop\Attachment\SD Seminar\actions-runner\_work\SD-Seminar\SD-Seminar'
[2026-06-05 13:46:48Z INFO ProcessInvokerWrapper]   Require exit code zero: 'False'
[2026-06-05 13:46:48Z INFO ProcessInvokerWrapper]   Encoding web name:  ; code page: ''
[2026-06-05 13:46:48Z INFO ProcessInvokerWrapper]   Force kill process on cancellation: 'False'
[2026-06-05 13:46:48Z INFO ProcessInvokerWrapper]   Redirected STDIN: 'False'
[2026-06-05 13:46:48Z INFO ProcessInvokerWrapper]   Persist current code page: 'True'
[2026-06-05 13:46:48Z INFO ProcessInvokerWrapper]   Keep redirected STDIN open: 'False'
[2026-06-05 13:46:48Z INFO ProcessInvokerWrapper]   High priority process: 'False'
[2026-06-05 13:46:48Z INFO ProcessInvokerWrapper] Process started with process id 2800, waiting for process exit.
[2026-06-05 13:46:48Z INFO JobServerQueue] Got a step log file to send to results service.
[2026-06-05 13:46:48Z INFO JobServerQueue] Starting upload of step log file to results service ResultsLog, C:\Users\Levi\Desktop\Attachment\SD Seminar\actions-runner\_diag\blocks\793bc2a6-62ba-4c4e-8bfc-a34ada35c502_5b4d3d3c-a41c-4d79-bc0a-9e7c84a74bf5.1
[2026-06-05 13:46:48Z INFO JobServerQueue] Try to append 1 batches web console lines for record '5b4d3d3c-a41c-4d79-bc0a-9e7c84a74bf5', success rate: 1/1.
[2026-06-05 13:46:48Z INFO JobServerQueue] Try to append 1 batches web console lines for record 'cd9a4e00-9ea4-40e7-8578-964b8d96809f', success rate: 1/1.
[2026-06-05 13:46:49Z INFO ProcessInvokerWrapper] STDOUT/STDERR stream read finished.
[2026-06-05 13:46:49Z INFO ProcessInvokerWrapper] STDOUT/STDERR stream read finished.
[2026-06-05 13:46:49Z INFO ProcessInvokerWrapper] Finished process 2800 with exit code 0, and elapsed time 00:00:00.6047066.
[2026-06-05 13:46:49Z INFO JobServerQueue] Try to append 1 batches web console lines for record 'cd9a4e00-9ea4-40e7-8578-964b8d96809f', success rate: 1/1.
[2026-06-05 13:46:49Z INFO CreateStepSummaryCommand] Step Summary file (C:\Users\Levi\Desktop\Attachment\SD Seminar\actions-runner\_work\_temp\_runner_file_commands\step_summary_f66e5cd4-0162-4b10-8cda-d8a8e9caf2ac) is empty; skipping attachment upload
[2026-06-05 13:46:49Z INFO StepsRunner] Step result: 
[2026-06-05 13:46:49Z INFO ExecutionContext] Publish step telemetry for current step {
  "action": "pwsh",
  "type": "run",
  "stage": "Main",
  "stepId": "cd9a4e00-9ea4-40e7-8578-964b8d96809f",
  "stepContextName": "__run",
  "result": "succeeded",
  "errorMessages": [],
  "executionTimeInSeconds": 1,
  "startTime": "2026-06-05T13:46:48.5228462Z",
  "finishTime": "2026-06-05T13:46:49.1736107Z"
}.
[2026-06-05 13:46:49Z INFO StepsRunner] No need for updating job result with current step result 'Succeeded'.
[2026-06-05 13:46:49Z INFO StepsRunner] Current state: job state = ''
[2026-06-05 13:46:49Z INFO StepsRunner] Processing step: DisplayName='Install BcContainerHelper'
[2026-06-05 13:46:49Z INFO StepsRunner] Evaluating: success()
[2026-06-05 13:46:49Z INFO StepsRunner] Result: true
[2026-06-05 13:46:49Z INFO StepsRunner] Starting the step.
[2026-06-05 13:46:49Z INFO HostContext] Well known directory 'Bin': 'C:\Users\Levi\Desktop\Attachment\SD Seminar\actions-runner\bin'
[2026-06-05 13:46:49Z INFO HostContext] Well known directory 'Root': 'C:\Users\Levi\Desktop\Attachment\SD Seminar\actions-runner'
[2026-06-05 13:46:49Z INFO HostContext] Well known directory 'Work': 'C:\Users\Levi\Desktop\Attachment\SD Seminar\actions-runner\_work'
[2026-06-05 13:46:49Z INFO StepsRunner] Which2: 'chcp'
[2026-06-05 13:46:49Z INFO StepsRunner] Location: 'C:\Windows\system32\chcp.COM'
[2026-06-05 13:46:49Z INFO ProcessInvokerWrapper] Starting process:
[2026-06-05 13:46:49Z INFO ProcessInvokerWrapper]   File name: 'C:\Windows\system32\chcp.COM'
[2026-06-05 13:46:49Z INFO ProcessInvokerWrapper]   Arguments: '65001'
[2026-06-05 13:46:49Z INFO ProcessInvokerWrapper]   Working directory: 'C:\Users\Levi\Desktop\Attachment\SD Seminar\actions-runner\_work'
[2026-06-05 13:46:49Z INFO ProcessInvokerWrapper]   Require exit code zero: 'False'
[2026-06-05 13:46:49Z INFO ProcessInvokerWrapper]   Encoding web name:  ; code page: ''
[2026-06-05 13:46:49Z INFO ProcessInvokerWrapper]   Force kill process on cancellation: 'False'
[2026-06-05 13:46:49Z INFO ProcessInvokerWrapper]   Redirected STDIN: 'False'
[2026-06-05 13:46:49Z INFO ProcessInvokerWrapper]   Persist current code page: 'True'
[2026-06-05 13:46:49Z INFO ProcessInvokerWrapper]   Keep redirected STDIN open: 'False'
[2026-06-05 13:46:49Z INFO ProcessInvokerWrapper]   High priority process: 'False'
[2026-06-05 13:46:49Z INFO ProcessInvokerWrapper] Process started with process id 12548, waiting for process exit.
[2026-06-05 13:46:49Z INFO ProcessInvokerWrapper] STDOUT/STDERR stream read finished.
[2026-06-05 13:46:49Z INFO ProcessInvokerWrapper] STDOUT/STDERR stream read finished.
[2026-06-05 13:46:49Z INFO ProcessInvokerWrapper] Finished process 12548 with exit code 0, and elapsed time 00:00:00.0140703.
[2026-06-05 13:46:49Z INFO StepsRunner] Successfully returned to code page 65001 (UTF8)
[2026-06-05 13:46:49Z INFO HostContext] Well known directory 'Bin': 'C:\Users\Levi\Desktop\Attachment\SD Seminar\actions-runner\bin'
[2026-06-05 13:46:49Z INFO HostContext] Well known directory 'Root': 'C:\Users\Levi\Desktop\Attachment\SD Seminar\actions-runner'
[2026-06-05 13:46:49Z INFO HostContext] Well known directory 'Work': 'C:\Users\Levi\Desktop\Attachment\SD Seminar\actions-runner\_work'
[2026-06-05 13:46:49Z INFO HostContext] Well known directory 'Temp': 'C:\Users\Levi\Desktop\Attachment\SD Seminar\actions-runner\_work\_temp'
[2026-06-05 13:46:49Z INFO ExecutionContext] Write event payload to C:\Users\Levi\Desktop\Attachment\SD Seminar\actions-runner\_work\_temp\_github_workflow\event.json
[2026-06-05 13:46:49Z INFO HostContext] Well known directory 'Bin': 'C:\Users\Levi\Desktop\Attachment\SD Seminar\actions-runner\bin'
[2026-06-05 13:46:49Z INFO HostContext] Well known directory 'Root': 'C:\Users\Levi\Desktop\Attachment\SD Seminar\actions-runner'
[2026-06-05 13:46:49Z INFO HostContext] Well known directory 'Work': 'C:\Users\Levi\Desktop\Attachment\SD Seminar\actions-runner\_work'
[2026-06-05 13:46:49Z INFO HostContext] Well known directory 'Temp': 'C:\Users\Levi\Desktop\Attachment\SD Seminar\actions-runner\_work\_temp'
[2026-06-05 13:46:49Z INFO ExtensionManager] Getting extensions for interface: 'GitHub.Runner.Worker.IFileCommandExtension'
[2026-06-05 13:46:49Z INFO ExtensionManager] Getting extensions for interface: 'GitHub.Runner.Worker.IActionCommandExtension'
[2026-06-05 13:46:49Z INFO ActionCommandManager] Register action command extension for command internal-set-repo-path
[2026-06-05 13:46:49Z INFO ActionCommandManager] Register action command extension for command set-env
[2026-06-05 13:46:49Z INFO ActionCommandManager] Register action command extension for command set-output
[2026-06-05 13:46:49Z INFO ActionCommandManager] Register action command extension for command save-state
[2026-06-05 13:46:49Z INFO ActionCommandManager] Register action command extension for command add-path
[2026-06-05 13:46:49Z INFO ActionCommandManager] Register action command extension for command add-mask
[2026-06-05 13:46:49Z INFO ActionCommandManager] Register action command extension for command add-matcher
[2026-06-05 13:46:49Z INFO ActionCommandManager] Register action command extension for command remove-matcher
[2026-06-05 13:46:49Z INFO ActionCommandManager] Register action command extension for command warning
[2026-06-05 13:46:49Z INFO ActionCommandManager] Register action command extension for command error
[2026-06-05 13:46:49Z INFO ActionCommandManager] Register action command extension for command notice
[2026-06-05 13:46:49Z INFO ActionCommandManager] Register action command extension for command debug
[2026-06-05 13:46:49Z INFO ActionCommandManager] Register action command extension for command group
[2026-06-05 13:46:49Z INFO ActionCommandManager] Register action command extension for command endgroup
[2026-06-05 13:46:49Z INFO ActionCommandManager] Register action command extension for command echo
[2026-06-05 13:46:49Z INFO ScriptHandler] Which2: 'pwsh'
[2026-06-05 13:46:49Z INFO ScriptHandler] Location: 'C:\Program Files\PowerShell\7\pwsh.EXE'
[2026-06-05 13:46:49Z INFO HostContext] Well known directory 'Bin': 'C:\Users\Levi\Desktop\Attachment\SD Seminar\actions-runner\bin'
[2026-06-05 13:46:49Z INFO HostContext] Well known directory 'Root': 'C:\Users\Levi\Desktop\Attachment\SD Seminar\actions-runner'
[2026-06-05 13:46:49Z INFO HostContext] Well known directory 'Work': 'C:\Users\Levi\Desktop\Attachment\SD Seminar\actions-runner\_work'
[2026-06-05 13:46:49Z INFO HostContext] Well known directory 'Temp': 'C:\Users\Levi\Desktop\Attachment\SD Seminar\actions-runner\_work\_temp'
[2026-06-05 13:46:49Z INFO ScriptHandler] Which2: 'pwsh'
[2026-06-05 13:46:49Z INFO ScriptHandler] Location: 'C:\Program Files\PowerShell\7\pwsh.EXE'
[2026-06-05 13:46:49Z INFO ProcessInvokerWrapper] Starting process:
[2026-06-05 13:46:49Z INFO ProcessInvokerWrapper]   File name: 'C:\Program Files\PowerShell\7\pwsh.EXE'
[2026-06-05 13:46:49Z INFO ProcessInvokerWrapper]   Arguments: '-command ". 'C:\Users\Levi\Desktop\Attachment\SD Seminar\actions-runner\_work\_temp\1d92196f-a185-42b2-84b4-32d4bcd3e4f4.ps1'"'
[2026-06-05 13:46:49Z INFO ProcessInvokerWrapper]   Working directory: 'C:\Users\Levi\Desktop\Attachment\SD Seminar\actions-runner\_work\SD-Seminar\SD-Seminar'
[2026-06-05 13:46:49Z INFO ProcessInvokerWrapper]   Require exit code zero: 'False'
[2026-06-05 13:46:49Z INFO ProcessInvokerWrapper]   Encoding web name:  ; code page: ''
[2026-06-05 13:46:49Z INFO ProcessInvokerWrapper]   Force kill process on cancellation: 'False'
[2026-06-05 13:46:49Z INFO ProcessInvokerWrapper]   Redirected STDIN: 'False'
[2026-06-05 13:46:49Z INFO ProcessInvokerWrapper]   Persist current code page: 'True'
[2026-06-05 13:46:49Z INFO ProcessInvokerWrapper]   Keep redirected STDIN open: 'False'
[2026-06-05 13:46:49Z INFO ProcessInvokerWrapper]   High priority process: 'False'
[2026-06-05 13:46:49Z INFO ProcessInvokerWrapper] Process started with process id 14188, waiting for process exit.
[2026-06-05 13:46:49Z INFO JobServerQueue] Try to append 1 batches web console lines for record 'a371c553-7c0a-4edc-876c-016e65d5d5c3', success rate: 1/1.
[2026-06-05 13:46:49Z INFO JobServerQueue] Try to upload 1 log files or attachments, success rate: 1/1.
[2026-06-05 13:46:49Z INFO JobServerQueue] Tried to upload 1 file(s) to results, success rate: 1/1.
[2026-06-05 13:46:50Z INFO JobServerQueue] Got a step log file to send to results service.
[2026-06-05 13:46:50Z INFO JobServerQueue] Starting upload of step log file to results service ResultsLog, C:\Users\Levi\Desktop\Attachment\SD Seminar\actions-runner\_diag\blocks\793bc2a6-62ba-4c4e-8bfc-a34ada35c502_cd9a4e00-9ea4-40e7-8578-964b8d96809f.1
[2026-06-05 13:46:51Z INFO HostContext] Well known directory 'Bin': 'C:\Users\Levi\Desktop\Attachment\SD Seminar\actions-runner\bin'
[2026-06-05 13:46:51Z INFO HostContext] Well known directory 'Root': 'C:\Users\Levi\Desktop\Attachment\SD Seminar\actions-runner'
[2026-06-05 13:46:51Z INFO HostContext] Well known directory 'Work': 'C:\Users\Levi\Desktop\Attachment\SD Seminar\actions-runner\_work'
[2026-06-05 13:46:51Z INFO JobServerQueue] Tried to upload 1 file(s) to results, success rate: 1/1.
[2026-06-05 13:47:01Z INFO HostContext] Well known directory 'Bin': 'C:\Users\Levi\Desktop\Attachment\SD Seminar\actions-runner\bin'
[2026-06-05 13:47:01Z INFO HostContext] Well known directory 'Root': 'C:\Users\Levi\Desktop\Attachment\SD Seminar\actions-runner'
[2026-06-05 13:47:01Z INFO HostContext] Well known directory 'Work': 'C:\Users\Levi\Desktop\Attachment\SD Seminar\actions-runner\_work'
[2026-06-05 13:47:11Z INFO HostContext] Well known directory 'Bin': 'C:\Users\Levi\Desktop\Attachment\SD Seminar\actions-runner\bin'
[2026-06-05 13:47:11Z INFO HostContext] Well known directory 'Root': 'C:\Users\Levi\Desktop\Attachment\SD Seminar\actions-runner'
[2026-06-05 13:47:11Z INFO HostContext] Well known directory 'Work': 'C:\Users\Levi\Desktop\Attachment\SD Seminar\actions-runner\_work'
[2026-06-05 13:47:21Z INFO HostContext] Well known directory 'Bin': 'C:\Users\Levi\Desktop\Attachment\SD Seminar\actions-runner\bin'
[2026-06-05 13:47:21Z INFO HostContext] Well known directory 'Root': 'C:\Users\Levi\Desktop\Attachment\SD Seminar\actions-runner'
[2026-06-05 13:47:21Z INFO HostContext] Well known directory 'Work': 'C:\Users\Levi\Desktop\Attachment\SD Seminar\actions-runner\_work'
[2026-06-05 13:47:26Z INFO ProcessInvokerWrapper] STDOUT/STDERR stream read finished.
[2026-06-05 13:47:26Z INFO ProcessInvokerWrapper] STDOUT/STDERR stream read finished.
[2026-06-05 13:47:26Z INFO ProcessInvokerWrapper] Finished process 14188 with exit code 0, and elapsed time 00:00:37.4726262.
[2026-06-05 13:47:26Z INFO CreateStepSummaryCommand] Step Summary file (C:\Users\Levi\Desktop\Attachment\SD Seminar\actions-runner\_work\_temp\_runner_file_commands\step_summary_31c0846e-b193-4ccf-86d6-090cef1f8d44) is empty; skipping attachment upload
[2026-06-05 13:47:26Z INFO StepsRunner] Step result: 
[2026-06-05 13:47:26Z INFO ExecutionContext] Publish step telemetry for current step {
  "action": "pwsh",
  "type": "run",
  "stage": "Main",
  "stepId": "a371c553-7c0a-4edc-876c-016e65d5d5c3",
  "stepContextName": "__run_2",
  "result": "succeeded",
  "errorMessages": [],
  "executionTimeInSeconds": 38,
  "startTime": "2026-06-05T13:46:49.1750115Z",
  "finishTime": "2026-06-05T13:47:26.6914458Z"
}.
[2026-06-05 13:47:26Z INFO StepsRunner] No need for updating job result with current step result 'Succeeded'.
[2026-06-05 13:47:26Z INFO StepsRunner] Current state: job state = ''
[2026-06-05 13:47:26Z INFO StepsRunner] Processing step: DisplayName='Compile AL project'
[2026-06-05 13:47:26Z INFO StepsRunner] Evaluating: success()
[2026-06-05 13:47:26Z INFO StepsRunner] Result: true
[2026-06-05 13:47:26Z INFO StepsRunner] Starting the step.
[2026-06-05 13:47:26Z INFO HostContext] Well known directory 'Bin': 'C:\Users\Levi\Desktop\Attachment\SD Seminar\actions-runner\bin'
[2026-06-05 13:47:26Z INFO HostContext] Well known directory 'Root': 'C:\Users\Levi\Desktop\Attachment\SD Seminar\actions-runner'
[2026-06-05 13:47:26Z INFO HostContext] Well known directory 'Work': 'C:\Users\Levi\Desktop\Attachment\SD Seminar\actions-runner\_work'
[2026-06-05 13:47:26Z INFO StepsRunner] Which2: 'chcp'
[2026-06-05 13:47:26Z INFO StepsRunner] Location: 'C:\Windows\system32\chcp.COM'
[2026-06-05 13:47:26Z INFO ProcessInvokerWrapper] Starting process:
[2026-06-05 13:47:26Z INFO ProcessInvokerWrapper]   File name: 'C:\Windows\system32\chcp.COM'
[2026-06-05 13:47:26Z INFO ProcessInvokerWrapper]   Arguments: '65001'
[2026-06-05 13:47:26Z INFO ProcessInvokerWrapper]   Working directory: 'C:\Users\Levi\Desktop\Attachment\SD Seminar\actions-runner\_work'
[2026-06-05 13:47:26Z INFO ProcessInvokerWrapper]   Require exit code zero: 'False'
[2026-06-05 13:47:26Z INFO ProcessInvokerWrapper]   Encoding web name:  ; code page: ''
[2026-06-05 13:47:26Z INFO ProcessInvokerWrapper]   Force kill process on cancellation: 'False'
[2026-06-05 13:47:26Z INFO ProcessInvokerWrapper]   Redirected STDIN: 'False'
[2026-06-05 13:47:26Z INFO ProcessInvokerWrapper]   Persist current code page: 'True'
[2026-06-05 13:47:26Z INFO ProcessInvokerWrapper]   Keep redirected STDIN open: 'False'
[2026-06-05 13:47:26Z INFO ProcessInvokerWrapper]   High priority process: 'False'
[2026-06-05 13:47:26Z INFO ProcessInvokerWrapper] Process started with process id 14384, waiting for process exit.
[2026-06-05 13:47:26Z INFO ProcessInvokerWrapper] STDOUT/STDERR stream read finished.
[2026-06-05 13:47:26Z INFO ProcessInvokerWrapper] STDOUT/STDERR stream read finished.
[2026-06-05 13:47:26Z INFO ProcessInvokerWrapper] Finished process 14384 with exit code 0, and elapsed time 00:00:00.0208930.
[2026-06-05 13:47:26Z INFO StepsRunner] Successfully returned to code page 65001 (UTF8)
[2026-06-05 13:47:26Z INFO HostContext] Well known directory 'Bin': 'C:\Users\Levi\Desktop\Attachment\SD Seminar\actions-runner\bin'
[2026-06-05 13:47:26Z INFO HostContext] Well known directory 'Root': 'C:\Users\Levi\Desktop\Attachment\SD Seminar\actions-runner'
[2026-06-05 13:47:26Z INFO HostContext] Well known directory 'Work': 'C:\Users\Levi\Desktop\Attachment\SD Seminar\actions-runner\_work'
[2026-06-05 13:47:26Z INFO HostContext] Well known directory 'Temp': 'C:\Users\Levi\Desktop\Attachment\SD Seminar\actions-runner\_work\_temp'
[2026-06-05 13:47:26Z INFO ExecutionContext] Write event payload to C:\Users\Levi\Desktop\Attachment\SD Seminar\actions-runner\_work\_temp\_github_workflow\event.json
[2026-06-05 13:47:26Z INFO HostContext] Well known directory 'Bin': 'C:\Users\Levi\Desktop\Attachment\SD Seminar\actions-runner\bin'
[2026-06-05 13:47:26Z INFO HostContext] Well known directory 'Root': 'C:\Users\Levi\Desktop\Attachment\SD Seminar\actions-runner'
[2026-06-05 13:47:26Z INFO HostContext] Well known directory 'Work': 'C:\Users\Levi\Desktop\Attachment\SD Seminar\actions-runner\_work'
[2026-06-05 13:47:26Z INFO HostContext] Well known directory 'Temp': 'C:\Users\Levi\Desktop\Attachment\SD Seminar\actions-runner\_work\_temp'
[2026-06-05 13:47:26Z INFO ExtensionManager] Getting extensions for interface: 'GitHub.Runner.Worker.IFileCommandExtension'
[2026-06-05 13:47:26Z INFO ExtensionManager] Getting extensions for interface: 'GitHub.Runner.Worker.IActionCommandExtension'
[2026-06-05 13:47:26Z INFO ActionCommandManager] Register action command extension for command internal-set-repo-path
[2026-06-05 13:47:26Z INFO ActionCommandManager] Register action command extension for command set-env
[2026-06-05 13:47:26Z INFO ActionCommandManager] Register action command extension for command set-output
[2026-06-05 13:47:26Z INFO ActionCommandManager] Register action command extension for command save-state
[2026-06-05 13:47:26Z INFO ActionCommandManager] Register action command extension for command add-path
[2026-06-05 13:47:26Z INFO ActionCommandManager] Register action command extension for command add-mask
[2026-06-05 13:47:26Z INFO ActionCommandManager] Register action command extension for command add-matcher
[2026-06-05 13:47:26Z INFO ActionCommandManager] Register action command extension for command remove-matcher
[2026-06-05 13:47:26Z INFO ActionCommandManager] Register action command extension for command warning
[2026-06-05 13:47:26Z INFO ActionCommandManager] Register action command extension for command error
[2026-06-05 13:47:26Z INFO ActionCommandManager] Register action command extension for command notice
[2026-06-05 13:47:26Z INFO ActionCommandManager] Register action command extension for command debug
[2026-06-05 13:47:26Z INFO ActionCommandManager] Register action command extension for command group
[2026-06-05 13:47:26Z INFO ActionCommandManager] Register action command extension for command endgroup
[2026-06-05 13:47:26Z INFO ActionCommandManager] Register action command extension for command echo
[2026-06-05 13:47:26Z INFO JobServerQueue] Try to append 1 batches web console lines for record '27fa2d14-f311-4254-b1f6-5c48883f4dda', success rate: 1/1.
[2026-06-05 13:47:26Z INFO ScriptHandler] Which2: 'pwsh'
[2026-06-05 13:47:26Z INFO ScriptHandler] Location: 'C:\Program Files\PowerShell\7\pwsh.EXE'
[2026-06-05 13:47:26Z INFO HostContext] Well known directory 'Bin': 'C:\Users\Levi\Desktop\Attachment\SD Seminar\actions-runner\bin'
[2026-06-05 13:47:26Z INFO HostContext] Well known directory 'Root': 'C:\Users\Levi\Desktop\Attachment\SD Seminar\actions-runner'
[2026-06-05 13:47:26Z INFO HostContext] Well known directory 'Work': 'C:\Users\Levi\Desktop\Attachment\SD Seminar\actions-runner\_work'
[2026-06-05 13:47:26Z INFO HostContext] Well known directory 'Temp': 'C:\Users\Levi\Desktop\Attachment\SD Seminar\actions-runner\_work\_temp'
[2026-06-05 13:47:26Z INFO ScriptHandler] Which2: 'pwsh'
[2026-06-05 13:47:26Z INFO ScriptHandler] Location: 'C:\Program Files\PowerShell\7\pwsh.EXE'
[2026-06-05 13:47:26Z INFO ProcessInvokerWrapper] Starting process:
[2026-06-05 13:47:26Z INFO ProcessInvokerWrapper]   File name: 'C:\Program Files\PowerShell\7\pwsh.EXE'
[2026-06-05 13:47:26Z INFO ProcessInvokerWrapper]   Arguments: '-command ". 'C:\Users\Levi\Desktop\Attachment\SD Seminar\actions-runner\_work\_temp\97ff6993-e495-4609-ad57-cb78f901b287.ps1'"'
[2026-06-05 13:47:26Z INFO ProcessInvokerWrapper]   Working directory: 'C:\Users\Levi\Desktop\Attachment\SD Seminar\actions-runner\_work\SD-Seminar\SD-Seminar'
[2026-06-05 13:47:26Z INFO ProcessInvokerWrapper]   Require exit code zero: 'False'
[2026-06-05 13:47:26Z INFO ProcessInvokerWrapper]   Encoding web name:  ; code page: ''
[2026-06-05 13:47:26Z INFO ProcessInvokerWrapper]   Force kill process on cancellation: 'False'
[2026-06-05 13:47:26Z INFO ProcessInvokerWrapper]   Redirected STDIN: 'False'
[2026-06-05 13:47:26Z INFO ProcessInvokerWrapper]   Persist current code page: 'True'
[2026-06-05 13:47:26Z INFO ProcessInvokerWrapper]   Keep redirected STDIN open: 'False'
[2026-06-05 13:47:26Z INFO ProcessInvokerWrapper]   High priority process: 'False'
[2026-06-05 13:47:26Z INFO ProcessInvokerWrapper] Process started with process id 14028, waiting for process exit.
[2026-06-05 13:47:26Z INFO JobServerQueue] Got a step log file to send to results service.
[2026-06-05 13:47:26Z INFO JobServerQueue] Starting upload of step log file to results service ResultsLog, C:\Users\Levi\Desktop\Attachment\SD Seminar\actions-runner\_diag\blocks\793bc2a6-62ba-4c4e-8bfc-a34ada35c502_a371c553-7c0a-4edc-876c-016e65d5d5c3.1
[2026-06-05 13:47:26Z INFO JobServerQueue] Try to upload 1 log files or attachments, success rate: 1/1.
[2026-06-05 13:47:27Z INFO JobServerQueue] Try to append 1 batches web console lines for record '27fa2d14-f311-4254-b1f6-5c48883f4dda', success rate: 1/1.
[2026-06-05 13:47:27Z INFO JobServerQueue] Tried to upload 1 file(s) to results, success rate: 1/1.
[2026-06-05 13:47:27Z INFO JobServerQueue] Try to append 1 batches web console lines for record '27fa2d14-f311-4254-b1f6-5c48883f4dda', success rate: 1/1.
[2026-06-05 13:47:28Z INFO JobServerQueue] Try to append 1 batches web console lines for record '27fa2d14-f311-4254-b1f6-5c48883f4dda', success rate: 1/1.
[2026-06-05 13:47:30Z INFO JobServerQueue] Try to append 1 batches web console lines for record '27fa2d14-f311-4254-b1f6-5c48883f4dda', success rate: 1/1.
[2026-06-05 13:47:30Z INFO JobServerQueue] Try to append 1 batches web console lines for record '27fa2d14-f311-4254-b1f6-5c48883f4dda', success rate: 1/1.
[2026-06-05 13:47:30Z INFO JobServerQueue] Try to append 1 batches web console lines for record '27fa2d14-f311-4254-b1f6-5c48883f4dda', success rate: 1/1.
[2026-06-05 13:47:31Z INFO HostContext] Well known directory 'Bin': 'C:\Users\Levi\Desktop\Attachment\SD Seminar\actions-runner\bin'
[2026-06-05 13:47:31Z INFO HostContext] Well known directory 'Root': 'C:\Users\Levi\Desktop\Attachment\SD Seminar\actions-runner'
[2026-06-05 13:47:31Z INFO HostContext] Well known directory 'Work': 'C:\Users\Levi\Desktop\Attachment\SD Seminar\actions-runner\_work'
[2026-06-05 13:47:35Z INFO JobServerQueue] Stop aggressive process web console line queue.
[2026-06-05 13:47:40Z INFO ProcessInvokerWrapper] STDOUT/STDERR stream read finished.
[2026-06-05 13:47:40Z INFO ProcessInvokerWrapper] STDOUT/STDERR stream read finished.
[2026-06-05 13:47:40Z INFO ProcessInvokerWrapper] Finished process 14028 with exit code 1, and elapsed time 00:00:13.4929619.
[2026-06-05 13:47:40Z INFO CreateStepSummaryCommand] Step Summary file (C:\Users\Levi\Desktop\Attachment\SD Seminar\actions-runner\_work\_temp\_runner_file_commands\step_summary_64409457-ea2a-4490-9c61-b886e92c7cc3) is empty; skipping attachment upload
[2026-06-05 13:47:40Z INFO StepsRunner] Step result: Failed
[2026-06-05 13:47:40Z INFO ExecutionContext] Publish step telemetry for current step {
  "action": "pwsh",
  "type": "run",
  "stage": "Main",
  "stepId": "27fa2d14-f311-4254-b1f6-5c48883f4dda",
  "stepContextName": "__run_3",
  "result": "failed",
  "errorMessages": [
    "Process completed with exit code 1."
  ],
  "executionTimeInSeconds": 14,
  "startTime": "2026-06-05T13:47:26.6942105Z",
  "finishTime": "2026-06-05T13:47:40.2636328Z"
}.
[2026-06-05 13:47:40Z INFO StepsRunner] Update job result with current step result 'Failed'.
[2026-06-05 13:47:40Z INFO StepsRunner] Current state: job state = 'Failed'
[2026-06-05 13:47:40Z INFO StepsRunner] Processing step: DisplayName='Upload artifact (.app file)'
[2026-06-05 13:47:40Z INFO StepsRunner] Evaluating: success()
[2026-06-05 13:47:40Z INFO StepsRunner] Result: false
[2026-06-05 13:47:40Z INFO StepsRunner] Skipping step due to condition evaluation.
[2026-06-05 13:47:40Z INFO StepsRunner] No need for updating job result with current step result 'Skipped'.
[2026-06-05 13:47:40Z INFO StepsRunner] Current state: job state = 'Failed'
[2026-06-05 13:47:40Z INFO StepsRunner] Processing step: DisplayName='Post Checkout repository'
[2026-06-05 13:47:40Z INFO StepsRunner] Evaluating: always()
[2026-06-05 13:47:40Z INFO StepsRunner] Result: true
[2026-06-05 13:47:40Z INFO StepsRunner] Starting the step.
[2026-06-05 13:47:40Z INFO HostContext] Well known directory 'Bin': 'C:\Users\Levi\Desktop\Attachment\SD Seminar\actions-runner\bin'
[2026-06-05 13:47:40Z INFO HostContext] Well known directory 'Root': 'C:\Users\Levi\Desktop\Attachment\SD Seminar\actions-runner'
[2026-06-05 13:47:40Z INFO HostContext] Well known directory 'Work': 'C:\Users\Levi\Desktop\Attachment\SD Seminar\actions-runner\_work'
[2026-06-05 13:47:40Z INFO StepsRunner] Which2: 'chcp'
[2026-06-05 13:47:40Z INFO StepsRunner] Location: 'C:\Windows\system32\chcp.COM'
[2026-06-05 13:47:40Z INFO ProcessInvokerWrapper] Starting process:
[2026-06-05 13:47:40Z INFO ProcessInvokerWrapper]   File name: 'C:\Windows\system32\chcp.COM'
[2026-06-05 13:47:40Z INFO ProcessInvokerWrapper]   Arguments: '65001'
[2026-06-05 13:47:40Z INFO ProcessInvokerWrapper]   Working directory: 'C:\Users\Levi\Desktop\Attachment\SD Seminar\actions-runner\_work'
[2026-06-05 13:47:40Z INFO ProcessInvokerWrapper]   Require exit code zero: 'False'
[2026-06-05 13:47:40Z INFO ProcessInvokerWrapper]   Encoding web name:  ; code page: ''
[2026-06-05 13:47:40Z INFO ProcessInvokerWrapper]   Force kill process on cancellation: 'False'
[2026-06-05 13:47:40Z INFO ProcessInvokerWrapper]   Redirected STDIN: 'False'
[2026-06-05 13:47:40Z INFO ProcessInvokerWrapper]   Persist current code page: 'True'
[2026-06-05 13:47:40Z INFO ProcessInvokerWrapper]   Keep redirected STDIN open: 'False'
[2026-06-05 13:47:40Z INFO ProcessInvokerWrapper]   High priority process: 'False'
[2026-06-05 13:47:40Z INFO ProcessInvokerWrapper] Process started with process id 2884, waiting for process exit.
[2026-06-05 13:47:40Z INFO ProcessInvokerWrapper] STDOUT/STDERR stream read finished.
[2026-06-05 13:47:40Z INFO ProcessInvokerWrapper] STDOUT/STDERR stream read finished.
[2026-06-05 13:47:40Z INFO ProcessInvokerWrapper] Finished process 2884 with exit code 0, and elapsed time 00:00:00.0136670.
[2026-06-05 13:47:40Z INFO StepsRunner] Successfully returned to code page 65001 (UTF8)
[2026-06-05 13:47:40Z INFO HostContext] Well known directory 'Bin': 'C:\Users\Levi\Desktop\Attachment\SD Seminar\actions-runner\bin'
[2026-06-05 13:47:40Z INFO HostContext] Well known directory 'Root': 'C:\Users\Levi\Desktop\Attachment\SD Seminar\actions-runner'
[2026-06-05 13:47:40Z INFO HostContext] Well known directory 'Work': 'C:\Users\Levi\Desktop\Attachment\SD Seminar\actions-runner\_work'
[2026-06-05 13:47:40Z INFO HostContext] Well known directory 'Actions': 'C:\Users\Levi\Desktop\Attachment\SD Seminar\actions-runner\_work\_actions'
[2026-06-05 13:47:40Z INFO ActionManager] Load action that reference repository from 'C:\Users\Levi\Desktop\Attachment\SD Seminar\actions-runner\_work\_actions\actions\checkout\v4'
[2026-06-05 13:47:40Z INFO HostContext] Well known directory 'Bin': 'C:\Users\Levi\Desktop\Attachment\SD Seminar\actions-runner\bin'
[2026-06-05 13:47:40Z INFO HostContext] Well known directory 'Root': 'C:\Users\Levi\Desktop\Attachment\SD Seminar\actions-runner'
[2026-06-05 13:47:40Z INFO HostContext] Well known directory 'Work': 'C:\Users\Levi\Desktop\Attachment\SD Seminar\actions-runner\_work'
[2026-06-05 13:47:40Z INFO HostContext] Well known directory 'Actions': 'C:\Users\Levi\Desktop\Attachment\SD Seminar\actions-runner\_work\_actions'
[2026-06-05 13:47:40Z INFO ActionManifestManagerLegacy] Loaded action.yml file: {
  "name": "Checkout",
  "description": "Checkout a Git repository at a particular version",
  "inputs": {
    "type": 2,
    "map": [
      {
        "key": {
          "type": 0,
          "file": 2,
          "line": 4,
          "col": 3,
          "lit": "repository"
        },
        "value": {
          "type": 3,
          "file": 2,
          "line": 6,
          "col": 14,
          "expr": "github.repository"
        }
      },
      {
        "key": {
          "type": 0,
          "file": 2,
          "line": 7,
          "col": 3,
          "lit": "ref"
        },
        "value": ""
      },
      {
        "key": {
          "type": 0,
          "file": 2,
          "line": 12,
          "col": 3,
          "lit": "token"
        },
        "value": {
          "type": 3,
          "file": 2,
          "line": 24,
          "col": 14,
          "expr": "github.token"
        }
      },
      {
        "key": {
          "type": 0,
          "file": 2,
          "line": 25,
          "col": 3,
          "lit": "ssh-key"
        },
        "value": ""
      },
      {
        "key": {
          "type": 0,
          "file": 2,
          "line": 37,
          "col": 3,
          "lit": "ssh-known-hosts"
        },
        "value": ""
      },
      {
        "key": {
          "type": 0,
          "file": 2,
          "line": 42,
          "col": 3,
          "lit": "ssh-strict"
        },
        "value": {
          "type": 0,
          "file": 2,
          "line": 47,
          "col": 14,
          "lit": "true"
        }
      },
      {
        "key": {
          "type": 0,
          "file": 2,
          "line": 48,
          "col": 3,
          "lit": "ssh-user"
        },
        "value": {
          "type": 0,
          "file": 2,
          "line": 51,
          "col": 14,
          "lit": "git"
        }
      },
      {
        "key": {
          "type": 0,
          "file": 2,
          "line": 52,
          "col": 3,
          "lit": "persist-credentials"
        },
        "value": {
          "type": 0,
          "file": 2,
          "line": 54,
          "col": 14,
          "lit": "true"
        }
      },
      {
        "key": {
          "type": 0,
          "file": 2,
          "line": 55,
          "col": 3,
          "lit": "path"
        },
        "value": ""
      },
      {
        "key": {
          "type": 0,
          "file": 2,
          "line": 57,
          "col": 3,
          "lit": "clean"
        },
        "value": {
          "type": 0,
          "file": 2,
          "line": 59,
          "col": 14,
          "lit": "true"
        }
      },
      {
        "key": {
          "type": 0,
          "file": 2,
          "line": 60,
          "col": 3,
          "lit": "filter"
        },
        "value": {
          "type": 0,
          "file": 2,
          "line": 64,
          "col": 14,
          "lit": ""
        }
      },
      {
        "key": {
          "type": 0,
          "file": 2,
          "line": 65,
          "col": 3,
          "lit": "sparse-checkout"
        },
        "value": {
          "type": 0,
          "file": 2,
          "line": 69,
          "col": 14,
          "lit": ""
        }
      },
      {
        "key": {
          "type": 0,
          "file": 2,
          "line": 70,
          "col": 3,
          "lit": "sparse-checkout-cone-mode"
        },
        "value": {
          "type": 0,
          "file": 2,
          "line": 73,
          "col": 14,
          "lit": "true"
        }
      },
      {
        "key": {
          "type": 0,
          "file": 2,
          "line": 74,
          "col": 3,
          "lit": "fetch-depth"
        },
        "value": {
          "type": 0,
          "file": 2,
          "line": 76,
          "col": 14,
          "lit": "1"
        }
      },
      {
        "key": {
          "type": 0,
          "file": 2,
          "line": 77,
          "col": 3,
          "lit": "fetch-tags"
        },
        "value": {
          "type": 0,
          "file": 2,
          "line": 79,
          "col": 14,
          "lit": "false"
        }
      },
      {
        "key": {
          "type": 0,
          "file": 2,
          "line": 80,
          "col": 3,
          "lit": "show-progress"
        },
        "value": {
          "type": 0,
          "file": 2,
          "line": 82,
          "col": 14,
          "lit": "true"
        }
      },
      {
        "key": {
          "type": 0,
          "file": 2,
          "line": 83,
          "col": 3,
          "lit": "lfs"
        },
        "value": {
          "type": 0,
          "file": 2,
          "line": 85,
          "col": 14,
          "lit": "false"
        }
      },
      {
        "key": {
          "type": 0,
          "file": 2,
          "line": 86,
          "col": 3,
          "lit": "submodules"
        },
        "value": {
          "type": 0,
          "file": 2,
          "line": 94,
          "col": 14,
          "lit": "false"
        }
      },
      {
        "key": {
          "type": 0,
          "file": 2,
          "line": 95,
          "col": 3,
          "lit": "set-safe-directory"
        },
        "value": {
          "type": 0,
          "file": 2,
          "line": 97,
          "col": 14,
          "lit": "true"
        }
      },
      {
        "key": {
          "type": 0,
          "file": 2,
          "line": 98,
          "col": 3,
          "lit": "github-server-url"
        },
        "value": ""
      }
    ]
  },
  "execution": {
    "executionType": "nodeJS",
    "hasPre": false,
    "hasPost": true,
    "script": "dist/index.js",
    "pre": null,
    "post": "dist/index.js",
    "nodeVersion": "node20",
    "cleanupCondition": "always()",
    "initCondition": "always()"
  },
  "deprecated": null
}
[2026-06-05 13:47:40Z INFO ActionManager] Action pre node.js file: N/A.
[2026-06-05 13:47:40Z INFO ActionManager] Action node.js file: dist/index.js.
[2026-06-05 13:47:40Z INFO ActionManager] Action post node.js file: dist/index.js.
[2026-06-05 13:47:40Z INFO HostContext] Well known directory 'Bin': 'C:\Users\Levi\Desktop\Attachment\SD Seminar\actions-runner\bin'
[2026-06-05 13:47:40Z INFO HostContext] Well known directory 'Root': 'C:\Users\Levi\Desktop\Attachment\SD Seminar\actions-runner'
[2026-06-05 13:47:40Z INFO HostContext] Well known directory 'Work': 'C:\Users\Levi\Desktop\Attachment\SD Seminar\actions-runner\_work'
[2026-06-05 13:47:40Z INFO HostContext] Well known directory 'Temp': 'C:\Users\Levi\Desktop\Attachment\SD Seminar\actions-runner\_work\_temp'
[2026-06-05 13:47:40Z INFO ExecutionContext] Write event payload to C:\Users\Levi\Desktop\Attachment\SD Seminar\actions-runner\_work\_temp\_github_workflow\event.json
[2026-06-05 13:47:40Z INFO HostContext] Well known directory 'Bin': 'C:\Users\Levi\Desktop\Attachment\SD Seminar\actions-runner\bin'
[2026-06-05 13:47:40Z INFO HostContext] Well known directory 'Root': 'C:\Users\Levi\Desktop\Attachment\SD Seminar\actions-runner'
[2026-06-05 13:47:40Z INFO HostContext] Well known directory 'Work': 'C:\Users\Levi\Desktop\Attachment\SD Seminar\actions-runner\_work'
[2026-06-05 13:47:40Z INFO HostContext] Well known directory 'Temp': 'C:\Users\Levi\Desktop\Attachment\SD Seminar\actions-runner\_work\_temp'
[2026-06-05 13:47:40Z INFO ExtensionManager] Getting extensions for interface: 'GitHub.Runner.Worker.IFileCommandExtension'
[2026-06-05 13:47:40Z INFO ActionManifestManagerLegacy] Input 'repository': default value evaluate result: {
  "type": 0,
  "file": 2,
  "line": 6,
  "col": 14,
  "lit": "LeviNjoroge/SD-Seminar"
}
[2026-06-05 13:47:40Z INFO ActionManifestManagerLegacy] Input 'ref': default value evaluate result: ""
[2026-06-05 13:47:40Z INFO ActionManifestManagerLegacy] Input 'token': default value evaluate result: {
  "type": 0,
  "file": 2,
  "line": 24,
  "col": 14,
  "lit": "***"
}
[2026-06-05 13:47:40Z INFO ActionManifestManagerLegacy] Input 'ssh-key': default value evaluate result: ""
[2026-06-05 13:47:40Z INFO ActionManifestManagerLegacy] Input 'ssh-known-hosts': default value evaluate result: ""
[2026-06-05 13:47:40Z INFO ActionManifestManagerLegacy] Input 'ssh-strict': default value evaluate result: {
  "type": 0,
  "file": 2,
  "line": 47,
  "col": 14,
  "lit": "true"
}
[2026-06-05 13:47:40Z INFO ActionManifestManagerLegacy] Input 'ssh-user': default value evaluate result: {
  "type": 0,
  "file": 2,
  "line": 51,
  "col": 14,
  "lit": "git"
}
[2026-06-05 13:47:40Z INFO ActionManifestManagerLegacy] Input 'persist-credentials': default value evaluate result: {
  "type": 0,
  "file": 2,
  "line": 54,
  "col": 14,
  "lit": "true"
}
[2026-06-05 13:47:40Z INFO ActionManifestManagerLegacy] Input 'path': default value evaluate result: ""
[2026-06-05 13:47:40Z INFO ActionManifestManagerLegacy] Input 'clean': default value evaluate result: {
  "type": 0,
  "file": 2,
  "line": 59,
  "col": 14,
  "lit": "true"
}
[2026-06-05 13:47:40Z INFO ActionManifestManagerLegacy] Input 'filter': default value evaluate result: {
  "type": 0,
  "file": 2,
  "line": 64,
  "col": 14,
  "lit": ""
}
[2026-06-05 13:47:40Z INFO ActionManifestManagerLegacy] Input 'sparse-checkout': default value evaluate result: {
  "type": 0,
  "file": 2,
  "line": 69,
  "col": 14,
  "lit": ""
}
[2026-06-05 13:47:40Z INFO ActionManifestManagerLegacy] Input 'sparse-checkout-cone-mode': default value evaluate result: {
  "type": 0,
  "file": 2,
  "line": 73,
  "col": 14,
  "lit": "true"
}
[2026-06-05 13:47:40Z INFO ActionManifestManagerLegacy] Input 'fetch-depth': default value evaluate result: {
  "type": 0,
  "file": 2,
  "line": 76,
  "col": 14,
  "lit": "1"
}
[2026-06-05 13:47:40Z INFO ActionManifestManagerLegacy] Input 'fetch-tags': default value evaluate result: {
  "type": 0,
  "file": 2,
  "line": 79,
  "col": 14,
  "lit": "false"
}
[2026-06-05 13:47:40Z INFO ActionManifestManagerLegacy] Input 'show-progress': default value evaluate result: {
  "type": 0,
  "file": 2,
  "line": 82,
  "col": 14,
  "lit": "true"
}
[2026-06-05 13:47:40Z INFO ActionManifestManagerLegacy] Input 'lfs': default value evaluate result: {
  "type": 0,
  "file": 2,
  "line": 85,
  "col": 14,
  "lit": "false"
}
[2026-06-05 13:47:40Z INFO ActionManifestManagerLegacy] Input 'submodules': default value evaluate result: {
  "type": 0,
  "file": 2,
  "line": 94,
  "col": 14,
  "lit": "false"
}
[2026-06-05 13:47:40Z INFO ActionManifestManagerLegacy] Input 'set-safe-directory': default value evaluate result: {
  "type": 0,
  "file": 2,
  "line": 97,
  "col": 14,
  "lit": "true"
}
[2026-06-05 13:47:40Z INFO ActionManifestManagerLegacy] Input 'github-server-url': default value evaluate result: ""
[2026-06-05 13:47:40Z INFO ExtensionManager] Getting extensions for interface: 'GitHub.Runner.Worker.IActionCommandExtension'
[2026-06-05 13:47:40Z INFO ActionCommandManager] Register action command extension for command internal-set-repo-path
[2026-06-05 13:47:40Z INFO ActionCommandManager] Register action command extension for command set-env
[2026-06-05 13:47:40Z INFO ActionCommandManager] Register action command extension for command set-output
[2026-06-05 13:47:40Z INFO ActionCommandManager] Register action command extension for command save-state
[2026-06-05 13:47:40Z INFO ActionCommandManager] Register action command extension for command add-path
[2026-06-05 13:47:40Z INFO ActionCommandManager] Register action command extension for command add-mask
[2026-06-05 13:47:40Z INFO ActionCommandManager] Register action command extension for command add-matcher
[2026-06-05 13:47:40Z INFO ActionCommandManager] Register action command extension for command remove-matcher
[2026-06-05 13:47:40Z INFO ActionCommandManager] Register action command extension for command warning
[2026-06-05 13:47:40Z INFO ActionCommandManager] Register action command extension for command error
[2026-06-05 13:47:40Z INFO ActionCommandManager] Register action command extension for command notice
[2026-06-05 13:47:40Z INFO ActionCommandManager] Register action command extension for command debug
[2026-06-05 13:47:40Z INFO ActionCommandManager] Register action command extension for command group
[2026-06-05 13:47:40Z INFO ActionCommandManager] Register action command extension for command endgroup
[2026-06-05 13:47:40Z INFO ActionCommandManager] Register action command extension for command echo
[2026-06-05 13:47:40Z INFO HostContext] Well known directory 'Bin': 'C:\Users\Levi\Desktop\Attachment\SD Seminar\actions-runner\bin'
[2026-06-05 13:47:40Z INFO HostContext] Well known directory 'Root': 'C:\Users\Levi\Desktop\Attachment\SD Seminar\actions-runner'
[2026-06-05 13:47:40Z INFO HostContext] Well known directory 'Externals': 'C:\Users\Levi\Desktop\Attachment\SD Seminar\actions-runner\externals'
[2026-06-05 13:47:40Z INFO ProcessInvokerWrapper] Starting process:
[2026-06-05 13:47:40Z INFO ProcessInvokerWrapper]   File name: 'C:\Users\Levi\Desktop\Attachment\SD Seminar\actions-runner\externals\node20\bin\node.exe'
[2026-06-05 13:47:40Z INFO ProcessInvokerWrapper]   Arguments: '"C:\Users\Levi\Desktop\Attachment\SD Seminar\actions-runner\_work\_actions\actions\checkout\v4\dist/index.js"'
[2026-06-05 13:47:40Z INFO ProcessInvokerWrapper]   Working directory: 'C:\Users\Levi\Desktop\Attachment\SD Seminar\actions-runner\_work\SD-Seminar\SD-Seminar'
[2026-06-05 13:47:40Z INFO ProcessInvokerWrapper]   Require exit code zero: 'False'
[2026-06-05 13:47:40Z INFO ProcessInvokerWrapper]   Encoding web name: utf-8 ; code page: '65001'
[2026-06-05 13:47:40Z INFO ProcessInvokerWrapper]   Force kill process on cancellation: 'False'
[2026-06-05 13:47:40Z INFO ProcessInvokerWrapper]   Redirected STDIN: 'False'
[2026-06-05 13:47:40Z INFO ProcessInvokerWrapper]   Persist current code page: 'True'
[2026-06-05 13:47:40Z INFO ProcessInvokerWrapper]   Keep redirected STDIN open: 'False'
[2026-06-05 13:47:40Z INFO ProcessInvokerWrapper]   High priority process: 'False'
[2026-06-05 13:47:40Z INFO ProcessInvokerWrapper] Process started with process id 12420, waiting for process exit.
[2026-06-05 13:47:40Z INFO JobServerQueue] Try to append 1 batches web console lines for record '27fa2d14-f311-4254-b1f6-5c48883f4dda', success rate: 1/1.
[2026-06-05 13:47:40Z INFO JobServerQueue] Try to append 1 batches web console lines for record '0cd89feb-987c-42ea-8460-07b8123b80bd', success rate: 1/1.
[2026-06-05 13:47:40Z INFO AddMaskCommandExtension] Add new secret mask with length of 32
[2026-06-05 13:47:40Z INFO JobServerQueue] Got a step log file to send to results service.
[2026-06-05 13:47:40Z INFO JobServerQueue] Starting upload of step log file to results service ResultsLog, C:\Users\Levi\Desktop\Attachment\SD Seminar\actions-runner\_diag\blocks\793bc2a6-62ba-4c4e-8bfc-a34ada35c502_27fa2d14-f311-4254-b1f6-5c48883f4dda.1
[2026-06-05 13:47:40Z INFO JobServerQueue] Try to append 1 batches web console lines for record '0cd89feb-987c-42ea-8460-07b8123b80bd', success rate: 1/1.
[2026-06-05 13:47:41Z INFO JobServerQueue] Try to upload 1 log files or attachments, success rate: 1/1.
[2026-06-05 13:47:41Z INFO HostContext] Well known directory 'Bin': 'C:\Users\Levi\Desktop\Attachment\SD Seminar\actions-runner\bin'
[2026-06-05 13:47:41Z INFO HostContext] Well known directory 'Root': 'C:\Users\Levi\Desktop\Attachment\SD Seminar\actions-runner'
[2026-06-05 13:47:41Z INFO HostContext] Well known directory 'Work': 'C:\Users\Levi\Desktop\Attachment\SD Seminar\actions-runner\_work'
[2026-06-05 13:47:41Z INFO JobServerQueue] Tried to upload 1 file(s) to results, success rate: 1/1.
[2026-06-05 13:47:41Z INFO JobServerQueue] Try to append 1 batches web console lines for record '0cd89feb-987c-42ea-8460-07b8123b80bd', success rate: 1/1.
[2026-06-05 13:47:43Z INFO JobServerQueue] Try to append 1 batches web console lines for record '0cd89feb-987c-42ea-8460-07b8123b80bd', success rate: 1/1.
[2026-06-05 13:47:43Z INFO ProcessInvokerWrapper] STDOUT/STDERR stream read finished.
[2026-06-05 13:47:43Z INFO ProcessInvokerWrapper] STDOUT/STDERR stream read finished.
[2026-06-05 13:47:43Z INFO ProcessInvokerWrapper] Finished process 12420 with exit code 0, and elapsed time 00:00:03.3437886.
[2026-06-05 13:47:43Z INFO CreateStepSummaryCommand] Step Summary file (C:\Users\Levi\Desktop\Attachment\SD Seminar\actions-runner\_work\_temp\_runner_file_commands\step_summary_7f4a0af4-8a71-4773-9f22-0268ad6e0625) is empty; skipping attachment upload
[2026-06-05 13:47:43Z INFO StepsRunner] Step result: 
[2026-06-05 13:47:43Z INFO ExecutionContext] Publish step telemetry for current step {
  "action": "actions/checkout",
  "ref": "v4",
  "type": "node20",
  "stage": "Post",
  "stepId": "0cd89feb-987c-42ea-8460-07b8123b80bd",
  "result": "succeeded",
  "errorMessages": [],
  "executionTimeInSeconds": 4,
  "startTime": "2026-06-05T13:47:40.2726668Z",
  "finishTime": "2026-06-05T13:47:43.666316Z"
}.
[2026-06-05 13:47:43Z INFO StepsRunner] No need for updating job result with current step result 'Succeeded'.
[2026-06-05 13:47:43Z INFO StepsRunner] Current state: job state = 'Failed'
[2026-06-05 13:47:43Z INFO JobRunner] Finalize job.
[2026-06-05 13:47:43Z INFO HostContext] Well known directory 'Bin': 'C:\Users\Levi\Desktop\Attachment\SD Seminar\actions-runner\bin'
[2026-06-05 13:47:43Z INFO HostContext] Well known directory 'Root': 'C:\Users\Levi\Desktop\Attachment\SD Seminar\actions-runner'
[2026-06-05 13:47:43Z INFO HostContext] Well known directory 'Diag': 'C:\Users\Levi\Desktop\Attachment\SD Seminar\actions-runner\_diag'
[2026-06-05 13:47:43Z INFO HostContext] Well known directory 'Bin': 'C:\Users\Levi\Desktop\Attachment\SD Seminar\actions-runner\bin'
[2026-06-05 13:47:43Z INFO HostContext] Well known directory 'Root': 'C:\Users\Levi\Desktop\Attachment\SD Seminar\actions-runner'
[2026-06-05 13:47:43Z INFO HostContext] Well known directory 'Diag': 'C:\Users\Levi\Desktop\Attachment\SD Seminar\actions-runner\_diag'
[2026-06-05 13:47:43Z INFO JobExtension] Initialize Env context
[2026-06-05 13:47:43Z INFO JobExtension] Initialize steps context
[2026-06-05 13:47:43Z INFO JobExtension] Total accessible running process: 258.
[2026-06-05 13:47:43Z INFO JobExtension] Inspecting process environment variables. PID: 14180 (svchost)
[2026-06-05 13:47:43Z WARN JobExtension] Ignore exception during read process environment variables: Access is denied.
[2026-06-05 13:47:43Z INFO JobExtension] Inspecting process environment variables. PID: 3140 (backgroundTaskHost)
[2026-06-05 13:47:43Z INFO JobExtension] Inspecting process environment variables. PID: 10428 (LocationNotificationWindows)
[2026-06-05 13:47:43Z INFO JobExtension] Inspecting process environment variables. PID: 2284 (svchost)
[2026-06-05 13:47:43Z WARN JobExtension] Ignore exception during read process environment variables: Access is denied.
[2026-06-05 13:47:43Z INFO JobExtension] Inspecting process environment variables. PID: 12324 (WmiPrvSE)
[2026-06-05 13:47:43Z WARN JobExtension] Ignore exception during read process environment variables: Access is denied.
[2026-06-05 13:47:43Z INFO JobExtension] Inspecting process environment variables. PID: 5096 (BridgeCommunication)
[2026-06-05 13:47:43Z INFO JobExtension] Inspecting process environment variables. PID: 12904 (SearchFilterHost)
[2026-06-05 13:47:43Z WARN JobExtension] Ignore exception during read process environment variables: Access is denied.
[2026-06-05 13:47:43Z INFO JobExtension] Inspecting process environment variables. PID: 12156 (dllhost)
[2026-06-05 13:47:43Z INFO JobExtension] Wait for all connectivity checks to finish.
[2026-06-05 13:47:43Z INFO JobExtension] Connectivity check result: GitHub.Runner.Worker.JobExtension+CheckResult
[2026-06-05 13:47:43Z INFO JobExtension] Connectivity check result: GitHub.Runner.Worker.JobExtension+CheckResult
[2026-06-05 13:47:43Z INFO JobExtension] Connectivity check result: GitHub.Runner.Worker.JobExtension+CheckResult
[2026-06-05 13:47:43Z INFO ExecutionContext] Publish step telemetry for current step {
  "action": "complete_job",
  "type": "runner",
  "stage": "Post",
  "stepId": "ed34c4a5-7ee2-48c6-88bb-301cd0e4303d",
  "result": "succeeded",
  "errorMessages": [
    "Node.js 20 actions are deprecated. The following actions are running on Node.js 20 and may not work as expected: actions/checkout@v4. Actions will be forced to run with Node.js 24 by default starting June 16th, 2026. Node.js 20 will be removed from the run"
  ],
  "executionTimeInSeconds": 1,
  "startTime": "2026-06-05T13:47:43.6797931Z",
  "finishTime": "2026-06-05T13:47:43.8586119Z"
}.
[2026-06-05 13:47:43Z INFO JobRunner] Job result after all job steps finish: Failed
[2026-06-05 13:47:43Z INFO JobRunner] Completing the job execution context.
[2026-06-05 13:47:43Z INFO JobRunner] Shutting down the job server queue.
[2026-06-05 13:47:43Z INFO JobServerQueue] Fire signal to shutdown all queues.
[2026-06-05 13:47:44Z INFO JobServerQueue] All queue process task stopped.
[2026-06-05 13:47:44Z INFO JobServerQueue] Try to append 1 batches web console lines for record 'ed34c4a5-7ee2-48c6-88bb-301cd0e4303d', success rate: 1/1.
[2026-06-05 13:47:44Z INFO JobServerQueue] Web console line queue drained.
[2026-06-05 13:47:44Z INFO JobServerQueue] Uploading 3 files in one shot.
[2026-06-05 13:47:44Z INFO JobServerQueue] Try to upload 3 log files or attachments, success rate: 3/3.
[2026-06-05 13:47:44Z INFO JobServerQueue] File upload queue drained.
[2026-06-05 13:47:44Z INFO JobServerQueue] Starting results-based upload queue...
[2026-06-05 13:47:44Z INFO JobServerQueue] Uploading 3 file(s) in one shot through results service.
[2026-06-05 13:47:44Z INFO JobServerQueue] Got a step log file to send to results service.
[2026-06-05 13:47:44Z INFO JobServerQueue] Starting upload of step log file to results service ResultsLog, C:\Users\Levi\Desktop\Attachment\SD Seminar\actions-runner\_diag\blocks\793bc2a6-62ba-4c4e-8bfc-a34ada35c502_0cd89feb-987c-42ea-8460-07b8123b80bd.1
[2026-06-05 13:47:45Z INFO JobServerQueue] Got a step log file to send to results service.
[2026-06-05 13:47:45Z INFO JobServerQueue] Starting upload of step log file to results service ResultsLog, C:\Users\Levi\Desktop\Attachment\SD Seminar\actions-runner\_diag\blocks\793bc2a6-62ba-4c4e-8bfc-a34ada35c502_ed34c4a5-7ee2-48c6-88bb-301cd0e4303d.1
[2026-06-05 13:47:46Z INFO JobServerQueue] Got a job log file to send to results service.
[2026-06-05 13:47:46Z INFO JobServerQueue] Starting upload of job log file to results service ResultsLog, C:\Users\Levi\Desktop\Attachment\SD Seminar\actions-runner\_diag\blocks\793bc2a6-62ba-4c4e-8bfc-a34ada35c502_df6476c5-50b5-5620-ab61-cfee8ad19d05.1
[2026-06-05 13:47:47Z INFO JobServerQueue] Tried to upload 3 file(s) to results, success rate: 3/3.
[2026-06-05 13:47:47Z INFO JobServerQueue] Results upload queue drained.
[2026-06-05 13:47:48Z INFO JobServerQueue] Timeline update queue drained.
[2026-06-05 13:47:48Z INFO JobServerQueue] Disposing job server ...
[2026-06-05 13:47:48Z INFO JobServerQueue] Disposing results server ...
[2026-06-05 13:47:48Z INFO JobServerQueue] All queue process tasks have been stopped, and all queues are drained.
[2026-06-05 13:47:48Z INFO TempDirectoryManager] Cleaning runner temp folder: C:\Users\Levi\Desktop\Attachment\SD Seminar\actions-runner\_work\_temp
[2026-06-05 13:47:48Z INFO HostContext] Well known directory 'Bin': 'C:\Users\Levi\Desktop\Attachment\SD Seminar\actions-runner\bin'
[2026-06-05 13:47:48Z INFO HostContext] Well known directory 'Root': 'C:\Users\Levi\Desktop\Attachment\SD Seminar\actions-runner'
[2026-06-05 13:47:48Z INFO HostContext] Well known directory 'Diag': 'C:\Users\Levi\Desktop\Attachment\SD Seminar\actions-runner\_diag'
[2026-06-05 13:47:48Z INFO HostContext] Well known config file 'Telemetry': 'C:\Users\Levi\Desktop\Attachment\SD Seminar\actions-runner\_diag\.telemetry'
[2026-06-05 13:47:48Z INFO JobRunner] Raising job completed against run service
[2026-06-05 13:47:49Z INFO Worker] Job completed.
