[2026-06-05 13:45:11Z INFO HostContext] No proxy settings were found based on environmental variables (http_proxy/https_proxy/HTTP_PROXY/HTTPS_PROXY)
[2026-06-05 13:45:11Z INFO HostContext] Well known directory 'Bin': 'C:\Users\Levi\Desktop\Attachment\SD Seminar\actions-runner\bin'
[2026-06-05 13:45:11Z INFO HostContext] Well known directory 'Root': 'C:\Users\Levi\Desktop\Attachment\SD Seminar\actions-runner'
[2026-06-05 13:45:11Z INFO HostContext] Well known config file 'Credentials': 'C:\Users\Levi\Desktop\Attachment\SD Seminar\actions-runner\.credentials'
[2026-06-05 13:45:11Z INFO HostContext] Well known directory 'Bin': 'C:\Users\Levi\Desktop\Attachment\SD Seminar\actions-runner\bin'
[2026-06-05 13:45:11Z INFO HostContext] Well known directory 'Root': 'C:\Users\Levi\Desktop\Attachment\SD Seminar\actions-runner'
[2026-06-05 13:45:11Z INFO HostContext] Well known config file 'Runner': 'C:\Users\Levi\Desktop\Attachment\SD Seminar\actions-runner\.runner'
[2026-06-05 13:45:11Z INFO Worker] Version: 2.334.0
[2026-06-05 13:45:11Z INFO Worker] Commit: f1995ede5d885c997d13d8eca5467c4ce97fe69c
[2026-06-05 13:45:11Z INFO Worker] Culture: en-KE
[2026-06-05 13:45:11Z INFO Worker] UI Culture: en-US
[2026-06-05 13:45:11Z INFO Worker] Waiting to receive the job message from the channel.
[2026-06-05 13:45:11Z INFO ProcessChannel] Receiving message of length 23748, with hash '40800761f6de539e412f7ec4dd156b0b2edcb0697b22a592eb1e736b0ee0e65c'
[2026-06-05 13:45:11Z INFO Worker] Message received.
[2026-06-05 13:45:11Z INFO Worker] Job message:
 {
  "fileTable": [
    ".github/workflows/ci-cd.yml"
  ],
  "mask": [
    {
      "type": "regex",
      "value": "***"
    },
    {
      "type": "regex",
      "value": "***"
    },
    {
      "type": "regex",
      "value": "***"
    },
    {
      "type": "regex",
      "value": "***"
    },
    {
      "type": "regex",
      "value": "***"
    },
    {
      "type": "regex",
      "value": "***"
    },
    {
      "type": "regex",
      "value": "***"
    },
    {
      "type": "regex",
      "value": "***"
    },
    {
      "type": "regex",
      "value": "***"
    },
    {
      "type": "regex",
      "value": "***"
    },
    {
      "type": "regex",
      "value": "***"
    },
    {
      "type": "regex",
      "value": "***"
    },
    {
      "type": "regex",
      "value": "***"
    },
    {
      "type": "regex",
      "value": "***"
    },
    {
      "type": "regex",
      "value": "***"
    },
    {
      "type": "regex",
      "value": "***"
    },
    {
      "type": "regex",
      "value": "***"
    },
    {
      "type": "regex",
      "value": "***"
    },
    {
      "type": "regex",
      "value": "***"
    },
    {
      "type": "regex",
      "value": "***"
    },
    {
      "type": "regex",
      "value": "***"
    },
    {
      "type": "regex",
      "value": "***"
    },
    {
      "type": "regex",
      "value": "***"
    },
    {
      "type": "regex",
      "value": "***"
    }
  ],
  "steps": [
    {
      "type": "action",
      "reference": {
        "type": "repository",
        "name": "actions/checkout",
        "ref": "v4",
        "repositoryType": "GitHub"
      },
      "displayNameToken": {
        "type": 0,
        "file": 1,
        "line": 14,
        "col": 15,
        "lit": "Checkout repository"
      },
      "contextName": "__actions_checkout",
      "condition": "success()",
      "id": "81cfef63-5864-4b8f-81ab-2d47b5ec888c",
      "name": "__actions_checkout"
    },
    {
      "type": "action",
      "reference": {
        "type": "script"
      },
      "displayNameToken": {
        "type": 0,
        "file": 1,
        "line": 17,
        "col": 15,
        "lit": "Setup PowerShell"
      },
      "contextName": "__run",
      "inputs": {
        "type": 2,
        "map": [
          {
            "key": "script",
            "value": {
              "type": 0,
              "file": 1,
              "line": 19,
              "col": 14,
              "lit": "Write-Host \"Starting Build Process...\"\n"
            }
          },
          {
            "key": "shell",
            "value": {
              "type": 0,
              "file": 1,
              "line": 18,
              "col": 16,
              "lit": "pwsh"
            }
          }
        ]
      },
      "condition": "success()",
      "id": "2fc509bf-ee1a-4522-99b1-0addb4199ab9",
      "name": "__run"
    },
    {
      "type": "action",
      "reference": {
        "type": "script"
      },
      "displayNameToken": {
        "type": 0,
        "file": 1,
        "line": 22,
        "col": 15,
        "lit": "Install BcContainerHelper"
      },
      "contextName": "__run_2",
      "inputs": {
        "type": 2,
        "map": [
          {
            "key": "script",
            "value": {
              "type": 0,
              "file": 1,
              "line": 24,
              "col": 14,
              "lit": "Install-Module BcContainerHelper -Force -Scope CurrentUser\n"
            }
          },
          {
            "key": "shell",
            "value": {
              "type": 0,
              "file": 1,
              "line": 23,
              "col": 16,
              "lit": "pwsh"
            }
          }
        ]
      },
      "condition": "success()",
      "id": "486d8fb8-923b-4136-963c-f8694d2f6b1d",
      "name": "__run_2"
    },
    {
      "type": "action",
      "reference": {
        "type": "script"
      },
      "displayNameToken": {
        "type": 0,
        "file": 1,
        "line": 27,
        "col": 15,
        "lit": "Compile AL project"
      },
      "contextName": "__run_3",
      "inputs": {
        "type": 2,
        "map": [
          {
            "key": "script",
            "value": {
              "type": 0,
              "file": 1,
              "line": 29,
              "col": 14,
              "lit": "# Path where your AL project is\n$projectPath = \"$(Get-Location)\"\n\n# Output folder for app\n$outputPath = \"$projectPath\\output\"\n\nNew-Item -ItemType Directory -Force -Path $outputPath\n\n# Build app using AL compiler (inside container context)\nCompile-AppInBcContainer `\n  -containerName \"bcserver\" `\n  -appProjectFolder $projectPath `\n  -appOutputFolder $outputPath\n"
            }
          },
          {
            "key": "shell",
            "value": {
              "type": 0,
              "file": 1,
              "line": 28,
              "col": 16,
              "lit": "pwsh"
            }
          }
        ]
      },
      "condition": "success()",
      "id": "a201c0ee-11d9-48c9-ba2b-32f0b358e239",
      "name": "__run_3"
    },
    {
      "type": "action",
      "reference": {
        "type": "repository",
        "name": "actions/upload-artifact",
        "ref": "v4",
        "repositoryType": "GitHub"
      },
      "displayNameToken": {
        "type": 0,
        "file": 1,
        "line": 44,
        "col": 15,
        "lit": "Upload artifact (.app file)"
      },
      "contextName": "__actions_upload-artifact",
      "inputs": {
        "type": 2,
        "file": 1,
        "line": 47,
        "col": 11,
        "map": [
          {
            "key": {
              "type": 0,
              "file": 1,
              "line": 47,
              "col": 11,
              "lit": "name"
            },
            "value": {
              "type": 0,
              "file": 1,
              "line": 47,
              "col": 17,
              "lit": "bc-extension"
            }
          },
          {
            "key": {
              "type": 0,
              "file": 1,
              "line": 48,
              "col": 11,
              "lit": "path"
            },
            "value": {
              "type": 0,
              "file": 1,
              "line": 48,
              "col": 17,
              "lit": "output/*.app"
            }
          }
        ]
      },
      "condition": "success()",
      "id": "4578cfa7-9a6e-4b13-89d2-fcfcc3b794f7",
      "name": "__actions_upload-artifact"
    }
  ],
  "variables": {
    "Actions.EnableHttpRedirects": {
      "value": "true"
    },
    "DistributedTask.AddWarningToNode12Action": {
      "value": "true"
    },
    "DistributedTask.AddWarningToNode16Action": {
      "value": "true"
    },
    "DistributedTask.AllowRunnerContainerHooks": {
      "value": "true"
    },
    "DistributedTask.DeprecateStepOutputCommands": {
      "value": "true"
    },
    "DistributedTask.DetailUntarFailure": {
      "value": "true"
    },
    "DistributedTask.EnableCompositeActions": {
      "value": "true"
    },
    "DistributedTask.EnableJobServerQueueTelemetry": {
      "value": "true"
    },
    "DistributedTask.EnhancedAnnotations": {
      "value": "true"
    },
    "DistributedTask.ForceGithubJavascriptActionsToNode16": {
      "value": "true"
    },
    "DistributedTask.ForceGithubJavascriptActionsToNode20": {
      "value": "true"
    },
    "DistributedTask.LogTemplateErrorsAsDebugMessages": {
      "value": "true"
    },
    "DistributedTask.MarkJobAsFailedOnWorkerCrash": {
      "value": "true"
    },
    "DistributedTask.NewActionMetadata": {
      "value": "true"
    },
    "DistributedTask.UploadStepSummary": {
      "value": "true"
    },
    "DistributedTask.UseActionArchiveCache": {
      "value": "true"
    },
    "DistributedTask.UseWhich2": {
      "value": "true"
    },
    "RunService.FixEmbeddedIssues": {
      "value": "true"
    },
    "actions.runner.requirenode24": {
      "value": "false"
    },
    "actions.runner.usenode24bydefault": {
      "value": "false"
    },
    "actions.runner.warnonnode20": {
      "value": "true"
    },
    "actions_add_check_run_id_to_job_context": {
      "value": "true"
    },
    "actions_batch_action_resolution": {
      "value": "false"
    },
    "actions_container_action_runner_temp": {
      "value": "true"
    },
    "actions_display_helpful_actions_download_errors": {
      "value": "true"
    },
    "actions_runner_compare_workflow_parser": {
      "value": "false"
    },
    "actions_runner_deprecate_linux_arm32": {
      "value": "false"
    },
    "actions_runner_emit_composite_markers": {
      "value": "false"
    },
    "actions_runner_kill_linux_arm32": {
      "value": "false"
    },
    "actions_runner_node20_removal_date": {
      "value": ""
    },
    "actions_runner_node24_default_date": {
      "value": "June 16th, 2026"
    },
    "actions_service_container_command": {
      "value": "true"
    },
    "actions_set_orchestration_id_env_for_actions": {
      "value": "true"
    },
    "actions_skip_retry_complete_job_upon_known_errors": {
      "value": "true"
    },
    "actions_snapshot_preflight_hosted_runner_check": {
      "value": "false"
    },
    "actions_snapshot_preflight_image_gen_pool_check": {
      "value": "false"
    },
    "actions_use_bearer_token_for_codeload": {
      "value": "false"
    },
    "actions_uses_cache_service_v2": {
      "value": "true"
    },
    "github_token": {
      "value": "***",
      "isSecret": true
    },
    "system.from_run_service": {
      "value": "true"
    },
    "system.github.job": {
      "value": "build"
    },
    "system.github.launch_endpoint": {
      "value": "https://launch.actions.githubusercontent.com"
    },
    "system.github.results_endpoint": {
      "value": "https://results-receiver.actions.githubusercontent.com/"
    },
    "system.github.results_upload_with_sdk": {
      "value": "true"
    },
    "system.github.token": {
      "value": "***",
      "isSecret": true
    },
    "system.github.token.permissions": {
      "value": "{\"Contents\":\"read\",\"Metadata\":\"read\",\"Packages\":\"read\"}"
    },
    "system.orchestrationId": {
      "value": "76405bbf-c135-4c1b-a691-858f1084b92b.build.__default"
    },
    "system.phaseDisplayName": {
      "value": "Build AL Extension"
    },
    "system.runner.lowdiskspacethreshold": {
      "value": "100"
    },
    "system.runnerEnvironment": {
      "value": "self-hosted"
    },
    "system.runnerGroupName": {
      "value": "Default"
    }
  },
  "messageType": "RunnerJobRequest",
  "plan": {
    "scopeIdentifier": "00000000-0000-0000-0000-000000000000",
    "planType": "actions",
    "version": 0,
    "planId": "76405bbf-c135-4c1b-a691-858f1084b92b",
    "planGroup": null,
    "artifactUri": null,
    "artifactLocation": null,
    "definition": null,
    "owner": null
  },
  "timeline": {
    "id": "76405bbf-c135-4c1b-a691-858f1084b92b",
    "changeId": 0,
    "location": null
  },
  "jobId": "372ccbc6-8c56-55a9-b6e3-a403b23b0f31",
  "jobDisplayName": "Build AL Extension",
  "jobName": "__default",
  "requestId": 0,
  "lockedUntil": "0001-01-01T00:00:00",
  "resources": {
    "endpoints": [
      {
        "data": {
          "ServerId": "",
          "ServerName": "",
          "CacheServerUrl": "https://artifactcache.actions.githubusercontent.com/3Vsa5lGMeo0qD5lWqpJvRpVZ4jlGQyNwyTJAEABVN9hQBacX6E/",
          "FeedStreamUrl": "wss://results-receiver.actions.githubusercontent.com/_ws/ingest.sock",
          "ResultsServiceUrl": "https://results-receiver.actions.githubusercontent.com/",
          "PipelinesServiceUrl": "https://pipelinesghubeus13.actions.githubusercontent.com/3Vsa5lGMeo0qD5lWqpJvRpVZ4jlGQyNwyTJAEABVN9hQBacX6E/",
          "GenerateIdTokenUrl": "",
          "ConnectivityChecks": "[\"https://broker.actions.githubusercontent.com/health\",\"https://token.actions.githubusercontent.com/ready\",\"https://run.actions.githubusercontent.com/health\"]"
        },
        "name": "SystemVssConnection",
        "url": "https://run-actions-2-azure-eastus.actions.githubusercontent.com/94/",
        "authorization": {
          "parameters": {
            "AccessToken": "***"
          },
          "scheme": "OAuth"
        },
        "isShared": false,
        "isReady": true
      }
    ]
  },
  "contextData": {
    "github": {
      "t": 2,
      "d": [
        {
          "k": "ref",
          "v": "refs/heads/main"
        },
        {
          "k": "sha",
          "v": "63f03ca09c39cf8a64b76023b2de58fe8089532e"
        },
        {
          "k": "repository",
          "v": "LeviNjoroge/SD-Seminar"
        },
        {
          "k": "repository_owner",
          "v": "LeviNjoroge"
        },
        {
          "k": "repository_owner_id",
          "v": "157218984"
        },
        {
          "k": "repositoryUrl",
          "v": "git://github.com/LeviNjoroge/SD-Seminar.git"
        },
        {
          "k": "run_id",
          "v": "27016856742"
        },
        {
          "k": "run_number",
          "v": "2"
        },
        {
          "k": "retention_days",
          "v": "90"
        },
        {
          "k": "run_attempt",
          "v": "1"
        },
        {
          "k": "artifact_cache_size_limit",
          "v": "10"
        },
        {
          "k": "repository_visibility",
          "v": "public"
        },
        {
          "k": "actor_id",
          "v": "157218984"
        },
        {
          "k": "actor",
          "v": "LeviNjoroge"
        },
        {
          "k": "workflow",
          "v": "BC CI/CD Pipeline"
        },
        {
          "k": "head_ref",
          "v": ""
        },
        {
          "k": "base_ref",
          "v": ""
        },
        {
          "k": "event_name",
          "v": "push"
        },
        {
          "k": "server_url",
          "v": "https://github.com"
        },
        {
          "k": "api_url",
          "v": "https://api.github.com"
        },
        {
          "k": "graphql_url",
          "v": "https://api.github.com/graphql"
        },
        {
          "k": "ref_name",
          "v": "main"
        },
        {
          "k": "ref_protected",
          "v": false
        },
        {
          "k": "ref_type",
          "v": "branch"
        },
        {
          "k": "secret_source",
          "v": "Actions"
        },
        {
          "k": "event",
          "v": {
            "t": 2,
            "d": [
              {
                "k": "after",
                "v": "63f03ca09c39cf8a64b76023b2de58fe8089532e"
              },
              {
                "k": "base_ref",
                "v": null
              },
              {
                "k": "before",
                "v": "b706afcef69390fc918f8cf0f70b9e36e7456a39"
              },
              {
                "k": "commits",
                "v": {
                  "t": 1,
                  "a": [
                    {
                      "t": 2,
                      "d": [
                        {
                          "k": "author",
                          "v": {
                            "t": 2,
                            "d": [
                              {
                                "k": "email",
                                "v": "levynjoroge1@gmail.com"
                              },
                              {
                                "k": "name",
                                "v": "LeviNjoroge"
                              },
                              {
                                "k": "username",
                                "v": "LeviNjoroge"
                              }
                            ]
                          }
                        },
                        {
                          "k": "committer",
                          "v": {
                            "t": 2,
                            "d": [
                              {
                                "k": "email",
                                "v": "levynjoroge1@gmail.com"
                              },
                              {
                                "k": "name",
                                "v": "LeviNjoroge"
                              },
                              {
                                "k": "username",
                                "v": "LeviNjoroge"
                              }
                            ]
                          }
                        },
                        {
                          "k": "distinct",
                          "v": true
                        },
                        {
                          "k": "id",
                          "v": "63f03ca09c39cf8a64b76023b2de58fe8089532e"
                        },
                        {
                          "k": "message",
                          "v": "debugging CI/CD"
                        },
                        {
                          "k": "timestamp",
                          "v": "2026-06-05T16:11:28+03:00"
                        },
                        {
                          "k": "tree_id",
                          "v": "b417d24ab1ff457f2a937600f8d44193b515f753"
                        },
                        {
                          "k": "url",
                          "v": "https://github.com/LeviNjoroge/SD-Seminar/commit/63f03ca09c39cf8a64b76023b2de58fe8089532e"
                        }
                      ]
                    }
                  ]
                }
              },
              {
                "k": "compare",
                "v": "https://github.com/LeviNjoroge/SD-Seminar/compare/b706afcef693...63f03ca09c39"
              },
              {
                "k": "created",
                "v": false
              },
              {
                "k": "deleted",
                "v": false
              },
              {
                "k": "forced",
                "v": false
              },
              {
                "k": "head_commit",
                "v": {
                  "t": 2,
                  "d": [
                    {
                      "k": "author",
                      "v": {
                        "t": 2,
                        "d": [
                          {
                            "k": "email",
                            "v": "levynjoroge1@gmail.com"
                          },
                          {
                            "k": "name",
                            "v": "LeviNjoroge"
                          },
                          {
                            "k": "username",
                            "v": "LeviNjoroge"
                          }
                        ]
                      }
                    },
                    {
                      "k": "committer",
                      "v": {
                        "t": 2,
                        "d": [
                          {
                            "k": "email",
                            "v": "levynjoroge1@gmail.com"
                          },
                          {
                            "k": "name",
                            "v": "LeviNjoroge"
                          },
                          {
                            "k": "username",
                            "v": "LeviNjoroge"
                          }
                        ]
                      }
                    },
                    {
                      "k": "distinct",
                      "v": true
                    },
                    {
                      "k": "id",
                      "v": "63f03ca09c39cf8a64b76023b2de58fe8089532e"
                    },
                    {
                      "k": "message",
                      "v": "debugging CI/CD"
                    },
                    {
                      "k": "timestamp",
                      "v": "2026-06-05T16:11:28+03:00"
                    },
                    {
                      "k": "tree_id",
                      "v": "b417d24ab1ff457f2a937600f8d44193b515f753"
                    },
                    {
                      "k": "url",
                      "v": "https://github.com/LeviNjoroge/SD-Seminar/commit/63f03ca09c39cf8a64b76023b2de58fe8089532e"
                    }
                  ]
                }
              },
              {
                "k": "pusher",
                "v": {
                  "t": 2,
                  "d": [
                    {
                      "k": "email",
                      "v": "157218984+LeviNjoroge@users.noreply.github.com"
                    },
                    {
                      "k": "name",
                      "v": "LeviNjoroge"
                    }
                  ]
                }
              },
              {
                "k": "ref",
                "v": "refs/heads/main"
              },
              {
                "k": "repository",
                "v": {
                  "t": 2,
                  "d": [
                    {
                      "k": "allow_forking",
                      "v": true
                    },
                    {
                      "k": "archive_url",
                      "v": "https://api.github.com/repos/LeviNjoroge/SD-Seminar/{archive_format}{/ref}"
                    },
                    {
                      "k": "archived",
                      "v": false
                    },
                    {
                      "k": "assignees_url",
                      "v": "https://api.github.com/repos/LeviNjoroge/SD-Seminar/assignees{/user}"
                    },
                    {
                      "k": "blobs_url",
                      "v": "https://api.github.com/repos/LeviNjoroge/SD-Seminar/git/blobs{/sha}"
                    },
                    {
                      "k": "branches_url",
                      "v": "https://api.github.com/repos/LeviNjoroge/SD-Seminar/branches{/branch}"
                    },
                    {
                      "k": "clone_url",
                      "v": "https://github.com/LeviNjoroge/SD-Seminar.git"
                    },
                    {
                      "k": "collaborators_url",
                      "v": "https://api.github.com/repos/LeviNjoroge/SD-Seminar/collaborators{/collaborator}"
                    },
                    {
                      "k": "comments_url",
                      "v": "https://api.github.com/repos/LeviNjoroge/SD-Seminar/comments{/number}"
                    },
                    {
                      "k": "commits_url",
                      "v": "https://api.github.com/repos/LeviNjoroge/SD-Seminar/commits{/sha}"
                    },
                    {
                      "k": "compare_url",
                      "v": "https://api.github.com/repos/LeviNjoroge/SD-Seminar/compare/{base}...{head}"
                    },
                    {
                      "k": "contents_url",
                      "v": "https://api.github.com/repos/LeviNjoroge/SD-Seminar/contents/{+path}"
                    },
                    {
                      "k": "contributors_url",
                      "v": "https://api.github.com/repos/LeviNjoroge/SD-Seminar/contributors"
                    },
                    {
                      "k": "created_at",
                      "v": 1779691029.0
                    },
                    {
                      "k": "default_branch",
                      "v": "main"
                    },
                    {
                      "k": "deployments_url",
                      "v": "https://api.github.com/repos/LeviNjoroge/SD-Seminar/deployments"
                    },
                    {
                      "k": "description",
                      "v": null
                    },
                    {
                      "k": "disabled",
                      "v": false
                    },
                    {
                      "k": "downloads_url",
                      "v": "https://api.github.com/repos/LeviNjoroge/SD-Seminar/downloads"
                    },
                    {
                      "k": "events_url",
                      "v": "https://api.github.com/repos/LeviNjoroge/SD-Seminar/events"
                    },
                    {
                      "k": "fork",
                      "v": false
                    },
                    {
                      "k": "forks",
                      "v": 0.0
                    },
                    {
                      "k": "forks_count",
                      "v": 0.0
                    },
                    {
                      "k": "forks_url",
                      "v": "https://api.github.com/repos/LeviNjoroge/SD-Seminar/forks"
                    },
                    {
                      "k": "full_name",
                      "v": "LeviNjoroge/SD-Seminar"
                    },
                    {
                      "k": "git_commits_url",
                      "v": "https://api.github.com/repos/LeviNjoroge/SD-Seminar/git/commits{/sha}"
                    },
                    {
                      "k": "git_refs_url",
                      "v": "https://api.github.com/repos/LeviNjoroge/SD-Seminar/git/refs{/sha}"
                    },
                    {
                      "k": "git_tags_url",
                      "v": "https://api.github.com/repos/LeviNjoroge/SD-Seminar/git/tags{/sha}"
                    },
                    {
                      "k": "git_url",
                      "v": "git://github.com/LeviNjoroge/SD-Seminar.git"
                    },
                    {
                      "k": "has_discussions",
                      "v": false
                    },
                    {
                      "k": "has_downloads",
                      "v": true
                    },
                    {
                      "k": "has_issues",
                      "v": true
                    },
                    {
                      "k": "has_pages",
                      "v": false
                    },
                    {
                      "k": "has_projects",
                      "v": true
                    },
                    {
                      "k": "has_pull_requests",
                      "v": true
                    },
                    {
                      "k": "has_wiki",
                      "v": true
                    },
                    {
                      "k": "homepage",
                      "v": null
                    },
                    {
                      "k": "hooks_url",
                      "v": "https://api.github.com/repos/LeviNjoroge/SD-Seminar/hooks"
                    },
                    {
                      "k": "html_url",
                      "v": "https://github.com/LeviNjoroge/SD-Seminar"
                    },
                    {
                      "k": "id",
                      "v": 1248892129.0
                    },
                    {
                      "k": "is_template",
                      "v": false
                    },
                    {
                      "k": "issue_comment_url",
                      "v": "https://api.github.com/repos/LeviNjoroge/SD-Seminar/issues/comments{/number}"
                    },
                    {
                      "k": "issue_events_url",
                      "v": "https://api.github.com/repos/LeviNjoroge/SD-Seminar/issues/events{/number}"
                    },
                    {
                      "k": "issues_url",
                      "v": "https://api.github.com/repos/LeviNjoroge/SD-Seminar/issues{/number}"
                    },
                    {
                      "k": "keys_url",
                      "v": "https://api.github.com/repos/LeviNjoroge/SD-Seminar/keys{/key_id}"
                    },
                    {
                      "k": "labels_url",
                      "v": "https://api.github.com/repos/LeviNjoroge/SD-Seminar/labels{/name}"
                    },
                    {
                      "k": "language",
                      "v": "AL"
                    },
                    {
                      "k": "languages_url",
                      "v": "https://api.github.com/repos/LeviNjoroge/SD-Seminar/languages"
                    },
                    {
                      "k": "license",
                      "v": null
                    },
                    {
                      "k": "master_branch",
                      "v": "main"
                    },
                    {
                      "k": "merges_url",
                      "v": "https://api.github.com/repos/LeviNjoroge/SD-Seminar/merges"
                    },
                    {
                      "k": "milestones_url",
                      "v": "https://api.github.com/repos/LeviNjoroge/SD-Seminar/milestones{/number}"
                    },
                    {
                      "k": "mirror_url",
                      "v": null
                    },
                    {
                      "k": "name",
                      "v": "SD-Seminar"
                    },
                    {
                      "k": "node_id",
                      "v": "R_kgDOSnCU4Q"
                    },
                    {
                      "k": "notifications_url",
                      "v": "https://api.github.com/repos/LeviNjoroge/SD-Seminar/notifications{?since,all,participating}"
                    },
                    {
                      "k": "open_issues",
                      "v": 0.0
                    },
                    {
                      "k": "open_issues_count",
                      "v": 0.0
                    },
                    {
                      "k": "owner",
                      "v": {
                        "t": 2,
                        "d": [
                          {
                            "k": "avatar_url",
                            "v": "https://avatars.githubusercontent.com/u/157218984?v=4"
                          },
                          {
                            "k": "email",
                            "v": "157218984+LeviNjoroge@users.noreply.github.com"
                          },
                          {
                            "k": "events_url",
                            "v": "https://api.github.com/users/LeviNjoroge/events{/privacy}"
                          },
                          {
                            "k": "followers_url",
                            "v": "https://api.github.com/users/LeviNjoroge/followers"
                          },
                          {
                            "k": "following_url",
                            "v": "https://api.github.com/users/LeviNjoroge/following{/other_user}"
                          },
                          {
                            "k": "gists_url",
                            "v": "https://api.github.com/users/LeviNjoroge/gists{/gist_id}"
                          },
                          {
                            "k": "gravatar_id",
                            "v": ""
                          },
                          {
                            "k": "html_url",
                            "v": "https://github.com/LeviNjoroge"
                          },
                          {
                            "k": "id",
                            "v": 157218984.0
                          },
                          {
                            "k": "login",
                            "v": "LeviNjoroge"
                          },
                          {
                            "k": "name",
                            "v": "LeviNjoroge"
                          },
                          {
                            "k": "node_id",
                            "v": "U_kgDOCV74qA"
                          },
                          {
                            "k": "organizations_url",
                            "v": "https://api.github.com/users/LeviNjoroge/orgs"
                          },
                          {
                            "k": "received_events_url",
                            "v": "https://api.github.com/users/LeviNjoroge/received_events"
                          },
                          {
                            "k": "repos_url",
                            "v": "https://api.github.com/users/LeviNjoroge/repos"
                          },
                          {
                            "k": "site_admin",
                            "v": false
                          },
                          {
                            "k": "starred_url",
                            "v": "https://api.github.com/users/LeviNjoroge/starred{/owner}{/repo}"
                          },
                          {
                            "k": "subscriptions_url",
                            "v": "https://api.github.com/users/LeviNjoroge/subscriptions"
                          },
                          {
                            "k": "type",
                            "v": "User"
                          },
                          {
                            "k": "url",
                            "v": "https://api.github.com/users/LeviNjoroge"
                          },
                          {
                            "k": "user_view_type",
                            "v": "public"
                          }
                        ]
                      }
                    },
                    {
                      "k": "private",
                      "v": false
                    },
                    {
                      "k": "pull_request_creation_policy",
                      "v": "all"
                    },
                    {
                      "k": "pulls_url",
                      "v": "https://api.github.com/repos/LeviNjoroge/SD-Seminar/pulls{/number}"
                    },
                    {
                      "k": "pushed_at",
                      "v": 1780665092.0
                    },
                    {
                      "k": "releases_url",
                      "v": "https://api.github.com/repos/LeviNjoroge/SD-Seminar/releases{/id}"
                    },
                    {
                      "k": "size",
                      "v": 59.0
                    },
                    {
                      "k": "ssh_url",
                      "v": "git@github.com:LeviNjoroge/SD-Seminar.git"
                    },
                    {
                      "k": "stargazers",
                      "v": 1.0
                    },
                    {
                      "k": "stargazers_count",
                      "v": 1.0
                    },
                    {
                      "k": "stargazers_url",
                      "v": "https://api.github.com/repos/LeviNjoroge/SD-Seminar/stargazers"
                    },
                    {
                      "k": "statuses_url",
                      "v": "https://api.github.com/repos/LeviNjoroge/SD-Seminar/statuses/{sha}"
                    },
                    {
                      "k": "subscribers_url",
                      "v": "https://api.github.com/repos/LeviNjoroge/SD-Seminar/subscribers"
                    },
                    {
                      "k": "subscription_url",
                      "v": "https://api.github.com/repos/LeviNjoroge/SD-Seminar/subscription"
                    },
                    {
                      "k": "svn_url",
                      "v": "https://github.com/LeviNjoroge/SD-Seminar"
                    },
                    {
                      "k": "tags_url",
                      "v": "https://api.github.com/repos/LeviNjoroge/SD-Seminar/tags"
                    },
                    {
                      "k": "teams_url",
                      "v": "https://api.github.com/repos/LeviNjoroge/SD-Seminar/teams"
                    },
                    {
                      "k": "topics",
                      "v": {
                        "t": 1
                      }
                    },
                    {
                      "k": "trees_url",
                      "v": "https://api.github.com/repos/LeviNjoroge/SD-Seminar/git/trees{/sha}"
                    },
                    {
                      "k": "updated_at",
                      "v": "2026-06-05T13:07:43Z"
                    },
                    {
                      "k": "url",
                      "v": "https://api.github.com/repos/LeviNjoroge/SD-Seminar"
                    },
                    {
                      "k": "visibility",
                      "v": "public"
                    },
                    {
                      "k": "watchers",
                      "v": 1.0
                    },
                    {
                      "k": "watchers_count",
                      "v": 1.0
                    },
                    {
                      "k": "web_commit_signoff_required",
                      "v": false
                    }
                  ]
                }
              },
              {
                "k": "sender",
                "v": {
                  "t": 2,
                  "d": [
                    {
                      "k": "avatar_url",
                      "v": "https://avatars.githubusercontent.com/u/157218984?v=4"
                    },
                    {
                      "k": "events_url",
                      "v": "https://api.github.com/users/LeviNjoroge/events{/privacy}"
                    },
                    {
                      "k": "followers_url",
                      "v": "https://api.github.com/users/LeviNjoroge/followers"
                    },
                    {
                      "k": "following_url",
                      "v": "https://api.github.com/users/LeviNjoroge/following{/other_user}"
                    },
                    {
                      "k": "gists_url",
                      "v": "https://api.github.com/users/LeviNjoroge/gists{/gist_id}"
                    },
                    {
                      "k": "gravatar_id",
                      "v": ""
                    },
                    {
                      "k": "html_url",
                      "v": "https://github.com/LeviNjoroge"
                    },
                    {
                      "k": "id",
                      "v": 157218984.0
                    },
                    {
                      "k": "login",
                      "v": "LeviNjoroge"
                    },
                    {
                      "k": "node_id",
                      "v": "U_kgDOCV74qA"
                    },
                    {
                      "k": "organizations_url",
                      "v": "https://api.github.com/users/LeviNjoroge/orgs"
                    },
                    {
                      "k": "received_events_url",
                      "v": "https://api.github.com/users/LeviNjoroge/received_events"
                    },
                    {
                      "k": "repos_url",
                      "v": "https://api.github.com/users/LeviNjoroge/repos"
                    },
                    {
                      "k": "site_admin",
                      "v": false
                    },
                    {
                      "k": "starred_url",
                      "v": "https://api.github.com/users/LeviNjoroge/starred{/owner}{/repo}"
                    },
                    {
                      "k": "subscriptions_url",
                      "v": "https://api.github.com/users/LeviNjoroge/subscriptions"
                    },
                    {
                      "k": "type",
                      "v": "User"
                    },
                    {
                      "k": "url",
                      "v": "https://api.github.com/users/LeviNjoroge"
                    },
                    {
                      "k": "user_view_type",
                      "v": "public"
                    }
                  ]
                }
              }
            ]
          }
        },
        {
          "k": "workflow_ref",
          "v": "LeviNjoroge/SD-Seminar/.github/workflows/ci-cd.yml@refs/heads/main"
        },
        {
          "k": "workflow_sha",
          "v": "63f03ca09c39cf8a64b76023b2de58fe8089532e"
        },
        {
          "k": "repository_id",
          "v": "1248892129"
        },
        {
          "k": "triggering_actor",
          "v": "LeviNjoroge"
        }
      ]
    },
    "inputs": {
      "t": 2
    },
    "job": {
      "t": 2,
      "d": [
        {
          "k": "check_run_id",
          "v": 79734058561.0
        },
        {
          "k": "workflow_ref",
          "v": "LeviNjoroge/SD-Seminar/.github/workflows/ci-cd.yml@refs/heads/main"
        },
        {
          "k": "workflow_sha",
          "v": "63f03ca09c39cf8a64b76023b2de58fe8089532e"
        },
        {
          "k": "workflow_repository",
          "v": "LeviNjoroge/SD-Seminar"
        },
        {
          "k": "workflow_file_path",
          "v": ".github/workflows/ci-cd.yml"
        }
      ]
    },
    "matrix": null,
    "needs": {
      "t": 2
    },
    "strategy": {
      "t": 2,
      "d": [
        {
          "k": "fail-fast",
          "v": true
        },
        {
          "k": "job-index",
          "v": 0.0
        },
        {
          "k": "job-total",
          "v": 1.0
        },
        {
          "k": "max-parallel",
          "v": 1.0
        }
      ]
    },
    "vars": {
      "t": 2
    }
  },
  "billingOwnerId": "U_kgDOCV74qA"
}
[2026-06-05 13:45:11Z INFO JobRunner] Job ID 372ccbc6-8c56-55a9-b6e3-a403b23b0f31
[2026-06-05 13:45:11Z INFO ConfigurationStore] currentAssemblyLocation: C:\Users\Levi\Desktop\Attachment\SD Seminar\actions-runner\bin\Runner.Worker.dll
[2026-06-05 13:45:11Z INFO HostContext] Well known directory 'Bin': 'C:\Users\Levi\Desktop\Attachment\SD Seminar\actions-runner\bin'
[2026-06-05 13:45:11Z INFO ConfigurationStore] binPath: C:\Users\Levi\Desktop\Attachment\SD Seminar\actions-runner\bin
[2026-06-05 13:45:11Z INFO HostContext] Well known directory 'Bin': 'C:\Users\Levi\Desktop\Attachment\SD Seminar\actions-runner\bin'
[2026-06-05 13:45:11Z INFO HostContext] Well known directory 'Root': 'C:\Users\Levi\Desktop\Attachment\SD Seminar\actions-runner'
[2026-06-05 13:45:11Z INFO ConfigurationStore] RootFolder: C:\Users\Levi\Desktop\Attachment\SD Seminar\actions-runner
[2026-06-05 13:45:11Z INFO HostContext] Well known directory 'Bin': 'C:\Users\Levi\Desktop\Attachment\SD Seminar\actions-runner\bin'
[2026-06-05 13:45:11Z INFO HostContext] Well known directory 'Root': 'C:\Users\Levi\Desktop\Attachment\SD Seminar\actions-runner'
[2026-06-05 13:45:11Z INFO HostContext] Well known config file 'Runner': 'C:\Users\Levi\Desktop\Attachment\SD Seminar\actions-runner\.runner'
[2026-06-05 13:45:11Z INFO ConfigurationStore] ConfigFilePath: C:\Users\Levi\Desktop\Attachment\SD Seminar\actions-runner\.runner
[2026-06-05 13:45:11Z INFO HostContext] Well known directory 'Bin': 'C:\Users\Levi\Desktop\Attachment\SD Seminar\actions-runner\bin'
[2026-06-05 13:45:11Z INFO HostContext] Well known directory 'Root': 'C:\Users\Levi\Desktop\Attachment\SD Seminar\actions-runner'
[2026-06-05 13:45:11Z INFO HostContext] Well known config file 'MigratedRunner': 'C:\Users\Levi\Desktop\Attachment\SD Seminar\actions-runner\.runner_migrated'
[2026-06-05 13:45:11Z INFO ConfigurationStore] MigratedConfigFilePath: C:\Users\Levi\Desktop\Attachment\SD Seminar\actions-runner\.runner_migrated
[2026-06-05 13:45:11Z INFO HostContext] Well known directory 'Bin': 'C:\Users\Levi\Desktop\Attachment\SD Seminar\actions-runner\bin'
[2026-06-05 13:45:11Z INFO HostContext] Well known directory 'Root': 'C:\Users\Levi\Desktop\Attachment\SD Seminar\actions-runner'
[2026-06-05 13:45:11Z INFO HostContext] Well known config file 'Credentials': 'C:\Users\Levi\Desktop\Attachment\SD Seminar\actions-runner\.credentials'
[2026-06-05 13:45:11Z INFO ConfigurationStore] CredFilePath: C:\Users\Levi\Desktop\Attachment\SD Seminar\actions-runner\.credentials
[2026-06-05 13:45:11Z INFO HostContext] Well known directory 'Bin': 'C:\Users\Levi\Desktop\Attachment\SD Seminar\actions-runner\bin'
[2026-06-05 13:45:11Z INFO HostContext] Well known directory 'Root': 'C:\Users\Levi\Desktop\Attachment\SD Seminar\actions-runner'
[2026-06-05 13:45:11Z INFO HostContext] Well known config file 'MigratedCredentials': 'C:\Users\Levi\Desktop\Attachment\SD Seminar\actions-runner\.credentials_migrated'
[2026-06-05 13:45:11Z INFO ConfigurationStore] MigratedCredFilePath: C:\Users\Levi\Desktop\Attachment\SD Seminar\actions-runner\.credentials_migrated
[2026-06-05 13:45:11Z INFO HostContext] Well known directory 'Bin': 'C:\Users\Levi\Desktop\Attachment\SD Seminar\actions-runner\bin'
[2026-06-05 13:45:11Z INFO HostContext] Well known directory 'Root': 'C:\Users\Levi\Desktop\Attachment\SD Seminar\actions-runner'
[2026-06-05 13:45:11Z INFO HostContext] Well known config file 'Service': 'C:\Users\Levi\Desktop\Attachment\SD Seminar\actions-runner\.service'
[2026-06-05 13:45:11Z INFO ConfigurationStore] ServiceConfigFilePath: C:\Users\Levi\Desktop\Attachment\SD Seminar\actions-runner\.service
[2026-06-05 13:45:11Z INFO ConfigurationStore] Read setting file: 401 chars
[2026-06-05 13:45:11Z INFO JobRunner] Initializing launch client
[2026-06-05 13:45:11Z INFO JobServerQueue] Initializing results client
[2026-06-05 13:45:11Z INFO ResultServer] Creating websocket client ...wss://results-receiver.actions.githubusercontent.com/_ws/ingest.sock
[2026-06-05 13:45:11Z INFO ResultServer] Attempting to start websocket client with delay 00:00:00.
[2026-06-05 13:45:11Z INFO JobServerQueue] Start process web console line queue.
[2026-06-05 13:45:11Z INFO JobServerQueue] Start process file upload queue.
[2026-06-05 13:45:11Z INFO JobServerQueue] Start results file upload queue.
[2026-06-05 13:45:11Z INFO JobServerQueue] Starting results-based upload queue...
[2026-06-05 13:45:11Z INFO JobServerQueue] Start process timeline update queue.
[2026-06-05 13:45:11Z INFO ExecutionContext] Initializing Job context
[2026-06-05 13:45:11Z INFO ExecutionContext] Initialize GitHub context
[2026-06-05 13:45:11Z INFO ExecutionContext] Initialize Env context
[2026-06-05 13:45:11Z INFO HostContext] Well known directory 'Bin': 'C:\Users\Levi\Desktop\Attachment\SD Seminar\actions-runner\bin'
[2026-06-05 13:45:11Z INFO HostContext] Well known directory 'Root': 'C:\Users\Levi\Desktop\Attachment\SD Seminar\actions-runner'
[2026-06-05 13:45:11Z INFO HostContext] Well known directory 'Diag': 'C:\Users\Levi\Desktop\Attachment\SD Seminar\actions-runner\_diag'
[2026-06-05 13:45:11Z INFO HostContext] Well known directory 'Bin': 'C:\Users\Levi\Desktop\Attachment\SD Seminar\actions-runner\bin'
[2026-06-05 13:45:11Z INFO HostContext] Well known directory 'Root': 'C:\Users\Levi\Desktop\Attachment\SD Seminar\actions-runner'
[2026-06-05 13:45:11Z INFO HostContext] Well known directory 'Diag': 'C:\Users\Levi\Desktop\Attachment\SD Seminar\actions-runner\_diag'
[2026-06-05 13:45:11Z INFO JobRunner] Starting the job execution context.
[2026-06-05 13:45:11Z INFO HostContext] Well known directory 'Bin': 'C:\Users\Levi\Desktop\Attachment\SD Seminar\actions-runner\bin'
[2026-06-05 13:45:11Z INFO HostContext] Well known directory 'Root': 'C:\Users\Levi\Desktop\Attachment\SD Seminar\actions-runner'
[2026-06-05 13:45:11Z INFO HostContext] Well known directory 'Work': 'C:\Users\Levi\Desktop\Attachment\SD Seminar\actions-runner\_work'
[2026-06-05 13:45:11Z INFO JobRunner] Validating directory permissions for: 'C:\Users\Levi\Desktop\Attachment\SD Seminar\actions-runner\_work'
[2026-06-05 13:45:11Z INFO HostContext] Well known directory 'Bin': 'C:\Users\Levi\Desktop\Attachment\SD Seminar\actions-runner\bin'
[2026-06-05 13:45:11Z INFO HostContext] Well known directory 'Root': 'C:\Users\Levi\Desktop\Attachment\SD Seminar\actions-runner'
[2026-06-05 13:45:11Z INFO HostContext] Well known directory 'Work': 'C:\Users\Levi\Desktop\Attachment\SD Seminar\actions-runner\_work'
[2026-06-05 13:45:11Z INFO HostContext] Well known directory 'Tools': 'C:\Users\Levi\Desktop\Attachment\SD Seminar\actions-runner\_work\_tool'
[2026-06-05 13:45:11Z INFO HostContext] Well known directory 'Bin': 'C:\Users\Levi\Desktop\Attachment\SD Seminar\actions-runner\bin'
[2026-06-05 13:45:11Z INFO HostContext] Well known directory 'Root': 'C:\Users\Levi\Desktop\Attachment\SD Seminar\actions-runner'
[2026-06-05 13:45:11Z INFO HostContext] Well known directory 'Work': 'C:\Users\Levi\Desktop\Attachment\SD Seminar\actions-runner\_work'
[2026-06-05 13:45:11Z INFO HostContext] Well known directory 'Temp': 'C:\Users\Levi\Desktop\Attachment\SD Seminar\actions-runner\_work\_temp'
[2026-06-05 13:45:11Z INFO JobRunner] Getting job extension.
[2026-06-05 13:45:11Z INFO JobRunner] Initialize job. Getting all job steps.
[2026-06-05 13:45:11Z INFO HostContext] Well known directory 'Bin': 'C:\Users\Levi\Desktop\Attachment\SD Seminar\actions-runner\bin'
[2026-06-05 13:45:11Z INFO HostContext] Well known directory 'Root': 'C:\Users\Levi\Desktop\Attachment\SD Seminar\actions-runner'
[2026-06-05 13:45:11Z INFO HostContext] Well known directory 'Diag': 'C:\Users\Levi\Desktop\Attachment\SD Seminar\actions-runner\_diag'
[2026-06-05 13:45:11Z INFO HostContext] Well known directory 'Bin': 'C:\Users\Levi\Desktop\Attachment\SD Seminar\actions-runner\bin'
[2026-06-05 13:45:11Z INFO HostContext] Well known directory 'Root': 'C:\Users\Levi\Desktop\Attachment\SD Seminar\actions-runner'
[2026-06-05 13:45:11Z INFO HostContext] Well known directory 'Diag': 'C:\Users\Levi\Desktop\Attachment\SD Seminar\actions-runner\_diag'
[2026-06-05 13:45:11Z INFO HostContext] Well known directory 'Bin': 'C:\Users\Levi\Desktop\Attachment\SD Seminar\actions-runner\bin'
[2026-06-05 13:45:11Z INFO HostContext] Well known directory 'Root': 'C:\Users\Levi\Desktop\Attachment\SD Seminar\actions-runner'
[2026-06-05 13:45:11Z INFO HostContext] Well known config file 'Credentials': 'C:\Users\Levi\Desktop\Attachment\SD Seminar\actions-runner\.credentials'
[2026-06-05 13:45:11Z INFO HostContext] Well known directory 'Bin': 'C:\Users\Levi\Desktop\Attachment\SD Seminar\actions-runner\bin'
[2026-06-05 13:45:11Z INFO HostContext] Well known directory 'Root': 'C:\Users\Levi\Desktop\Attachment\SD Seminar\actions-runner'
[2026-06-05 13:45:11Z INFO HostContext] Well known config file 'SetupInfo': 'C:\Users\Levi\Desktop\Attachment\SD Seminar\actions-runner\.setup_info'
[2026-06-05 13:45:11Z INFO HostContext] Well known directory 'Bin': 'C:\Users\Levi\Desktop\Attachment\SD Seminar\actions-runner\bin'
[2026-06-05 13:45:11Z INFO HostContext] Well known directory 'Root': 'C:\Users\Levi\Desktop\Attachment\SD Seminar\actions-runner'
[2026-06-05 13:45:11Z INFO HostContext] Well known directory 'Work': 'C:\Users\Levi\Desktop\Attachment\SD Seminar\actions-runner\_work'
[2026-06-05 13:45:11Z INFO PipelineDirectoryManager] Loading tracking config if exists: C:\Users\Levi\Desktop\Attachment\SD Seminar\actions-runner\_work\_PipelineMapping\LeviNjoroge/SD-Seminar\PipelineFolder.json
[2026-06-05 13:45:11Z INFO PipelineDirectoryManager] Creating a new tracking config file.
[2026-06-05 13:45:11Z INFO HostContext] Well known directory 'Bin': 'C:\Users\Levi\Desktop\Attachment\SD Seminar\actions-runner\bin'
[2026-06-05 13:45:11Z INFO HostContext] Well known directory 'Root': 'C:\Users\Levi\Desktop\Attachment\SD Seminar\actions-runner'
[2026-06-05 13:45:11Z INFO HostContext] Well known directory 'Work': 'C:\Users\Levi\Desktop\Attachment\SD Seminar\actions-runner\_work'
[2026-06-05 13:45:11Z INFO PipelineDirectoryManager] Creating pipeline directory.
[2026-06-05 13:45:11Z INFO HostContext] Well known directory 'Bin': 'C:\Users\Levi\Desktop\Attachment\SD Seminar\actions-runner\bin'
[2026-06-05 13:45:11Z INFO HostContext] Well known directory 'Root': 'C:\Users\Levi\Desktop\Attachment\SD Seminar\actions-runner'
[2026-06-05 13:45:11Z INFO HostContext] Well known directory 'Work': 'C:\Users\Levi\Desktop\Attachment\SD Seminar\actions-runner\_work'
[2026-06-05 13:45:11Z INFO PipelineDirectoryManager] Creating workspace directory.
[2026-06-05 13:45:11Z INFO HostContext] Well known directory 'Bin': 'C:\Users\Levi\Desktop\Attachment\SD Seminar\actions-runner\bin'
[2026-06-05 13:45:11Z INFO HostContext] Well known directory 'Root': 'C:\Users\Levi\Desktop\Attachment\SD Seminar\actions-runner'
[2026-06-05 13:45:11Z INFO HostContext] Well known directory 'Work': 'C:\Users\Levi\Desktop\Attachment\SD Seminar\actions-runner\_work'
[2026-06-05 13:45:11Z INFO JobExtension] Downloading actions
[2026-06-05 13:45:11Z INFO HostContext] Well known directory 'Bin': 'C:\Users\Levi\Desktop\Attachment\SD Seminar\actions-runner\bin'
[2026-06-05 13:45:11Z INFO HostContext] Well known directory 'Root': 'C:\Users\Levi\Desktop\Attachment\SD Seminar\actions-runner'
[2026-06-05 13:45:11Z INFO HostContext] Well known directory 'Work': 'C:\Users\Levi\Desktop\Attachment\SD Seminar\actions-runner\_work'
[2026-06-05 13:45:11Z INFO HostContext] Well known directory 'Actions': 'C:\Users\Levi\Desktop\Attachment\SD Seminar\actions-runner\_work\_actions'
[2026-06-05 13:45:11Z INFO Worker] Listening for cancel message from the channel.
[2026-06-05 13:45:11Z INFO Worker] Waiting for the job to complete or for a cancel message from the channel.
[2026-06-05 13:45:13Z INFO ResultServer] Successfully started websocket client.
[2026-06-05 13:45:13Z INFO JobServerQueue] Try to append 1 batches web console lines for record '7b072d27-63bf-4a0a-9aa2-6e2f92248bdd', success rate: 1/1.
[2026-06-05 13:45:13Z INFO JobServerQueue] Job timeline record has been updated for the first time.
[2026-06-05 13:45:13Z INFO HostContext] Well known directory 'Bin': 'C:\Users\Levi\Desktop\Attachment\SD Seminar\actions-runner\bin'
[2026-06-05 13:45:13Z INFO HostContext] Well known directory 'Root': 'C:\Users\Levi\Desktop\Attachment\SD Seminar\actions-runner'
[2026-06-05 13:45:13Z INFO HostContext] Well known directory 'Work': 'C:\Users\Levi\Desktop\Attachment\SD Seminar\actions-runner\_work'
[2026-06-05 13:45:13Z INFO HostContext] Well known directory 'Actions': 'C:\Users\Levi\Desktop\Attachment\SD Seminar\actions-runner\_work\_actions'
[2026-06-05 13:45:13Z INFO HostContext] Well known directory 'Bin': 'C:\Users\Levi\Desktop\Attachment\SD Seminar\actions-runner\bin'
[2026-06-05 13:45:13Z INFO HostContext] Well known directory 'Root': 'C:\Users\Levi\Desktop\Attachment\SD Seminar\actions-runner'
[2026-06-05 13:45:13Z INFO HostContext] Well known directory 'Work': 'C:\Users\Levi\Desktop\Attachment\SD Seminar\actions-runner\_work'
[2026-06-05 13:45:13Z INFO HostContext] Well known directory 'Actions': 'C:\Users\Levi\Desktop\Attachment\SD Seminar\actions-runner\_work\_actions'
[2026-06-05 13:45:13Z INFO ActionManager] Save archive 'https://codeload.github.com/actions/checkout/zip/34e114876b0b11c390a56381ad16ebd13914f8d5' into C:\Users\Levi\Desktop\Attachment\SD Seminar\actions-runner\_work\_actions\_temp_fa7441c0-3298-4693-b02c-781e2f85d80c\2ede9841-f363-42d4-84d8-a3db09473327.zip.
[2026-06-05 13:45:13Z INFO ActionManager] Using Basic token for action archive download.
[2026-06-05 13:45:13Z INFO JobServerQueue] Try to append 1 batches web console lines for record '7b072d27-63bf-4a0a-9aa2-6e2f92248bdd', success rate: 1/1.
[2026-06-05 13:45:14Z INFO ActionManager] Request URL: https://codeload.github.com/actions/checkout/zip/34e114876b0b11c390a56381ad16ebd13914f8d5 X-GitHub-Request-Id: AB2D:2790E5:AB3B:96199:6A22D2EB Http Status: OK
[2026-06-05 13:45:15Z INFO ActionManager] Finished getting action repository.
[2026-06-05 13:45:15Z INFO HostContext] Well known directory 'Bin': 'C:\Users\Levi\Desktop\Attachment\SD Seminar\actions-runner\bin'
[2026-06-05 13:45:15Z INFO HostContext] Well known directory 'Root': 'C:\Users\Levi\Desktop\Attachment\SD Seminar\actions-runner'
[2026-06-05 13:45:15Z INFO HostContext] Well known directory 'Work': 'C:\Users\Levi\Desktop\Attachment\SD Seminar\actions-runner\_work'
[2026-06-05 13:45:15Z INFO HostContext] Well known directory 'Actions': 'C:\Users\Levi\Desktop\Attachment\SD Seminar\actions-runner\_work\_actions'
[2026-06-05 13:45:15Z INFO HostContext] Well known directory 'Bin': 'C:\Users\Levi\Desktop\Attachment\SD Seminar\actions-runner\bin'
[2026-06-05 13:45:15Z INFO HostContext] Well known directory 'Root': 'C:\Users\Levi\Desktop\Attachment\SD Seminar\actions-runner'
[2026-06-05 13:45:15Z INFO HostContext] Well known directory 'Work': 'C:\Users\Levi\Desktop\Attachment\SD Seminar\actions-runner\_work'
[2026-06-05 13:45:15Z INFO HostContext] Well known directory 'Actions': 'C:\Users\Levi\Desktop\Attachment\SD Seminar\actions-runner\_work\_actions'
[2026-06-05 13:45:15Z INFO ActionManager] Save archive 'https://codeload.github.com/actions/upload-artifact/zip/ea165f8d65b6e75b540449e92b4886f43607fa02' into C:\Users\Levi\Desktop\Attachment\SD Seminar\actions-runner\_work\_actions\_temp_4f72f82e-d43f-496b-bc38-a0a97e81276c\a29912e9-a4c5-4895-b587-d92d718cf420.zip.
[2026-06-05 13:45:15Z INFO ActionManager] Using Basic token for action archive download.
[2026-06-05 13:45:15Z INFO JobServerQueue] Try to append 1 batches web console lines for record '7b072d27-63bf-4a0a-9aa2-6e2f92248bdd', success rate: 1/1.
[2026-06-05 13:45:17Z INFO ActionManager] Request URL: https://codeload.github.com/actions/upload-artifact/zip/ea165f8d65b6e75b540449e92b4886f43607fa02 X-GitHub-Request-Id: 4B48:2D31AA:AF4B:96642:6A22D2ED Http Status: OK
[2026-06-05 13:45:18Z INFO ActionManager] Finished getting action repository.
[2026-06-05 13:45:18Z INFO HostContext] Well known directory 'Bin': 'C:\Users\Levi\Desktop\Attachment\SD Seminar\actions-runner\bin'
[2026-06-05 13:45:18Z INFO HostContext] Well known directory 'Root': 'C:\Users\Levi\Desktop\Attachment\SD Seminar\actions-runner'
[2026-06-05 13:45:18Z INFO HostContext] Well known directory 'Work': 'C:\Users\Levi\Desktop\Attachment\SD Seminar\actions-runner\_work'
[2026-06-05 13:45:18Z INFO HostContext] Well known directory 'Actions': 'C:\Users\Levi\Desktop\Attachment\SD Seminar\actions-runner\_work\_actions'
[2026-06-05 13:45:18Z INFO ActionManifestManagerLegacy] Load schema file with definitions: [
  "null",
  "boolean",
  "number",
  "string",
  "sequence",
  "mapping",
  "any",
  "action-root",
  "inputs",
  "input",
  "outputs",
  "output-definition",
  "runs",
  "container-runs",
  "container-runs-args",
  "container-runs-env",
  "node-runs",
  "plugin-runs",
  "composite-runs",
  "composite-steps",
  "composite-step",
  "run-step",
  "uses-step",
  "container-runs-context",
  "output-value",
  "input-default-context",
  "non-empty-string",
  "string-steps-context",
  "boolean-steps-context",
  "step-env",
  "step-if",
  "step-with"
]
[2026-06-05 13:45:18Z INFO ActionManifestManager] Load schema file with definitions: [
  "null",
  "boolean",
  "number",
  "string",
  "sequence",
  "mapping",
  "any",
  "action-root",
  "inputs",
  "input",
  "outputs",
  "output-definition",
  "runs",
  "container-runs",
  "container-runs-args",
  "container-runs-env",
  "node-runs",
  "plugin-runs",
  "composite-runs",
  "composite-steps",
  "composite-step",
  "run-step",
  "uses-step",
  "container-runs-context",
  "output-value",
  "input-default-context",
  "non-empty-string",
  "string-steps-context",
  "boolean-steps-context",
  "step-env",
  "step-if",
  "step-with"
]
[2026-06-05 13:45:18Z INFO HostContext] Well known directory 'Bin': 'C:\Users\Levi\Desktop\Attachment\SD Seminar\actions-runner\bin'
[2026-06-05 13:45:18Z INFO HostContext] Well known directory 'Root': 'C:\Users\Levi\Desktop\Attachment\SD Seminar\actions-runner'
[2026-06-05 13:45:18Z INFO HostContext] Well known directory 'Work': 'C:\Users\Levi\Desktop\Attachment\SD Seminar\actions-runner\_work'
[2026-06-05 13:45:18Z INFO HostContext] Well known directory 'Actions': 'C:\Users\Levi\Desktop\Attachment\SD Seminar\actions-runner\_work\_actions'
[2026-06-05 13:45:18Z INFO ActionManifestManagerLegacy] Loaded action.yml file: {
  "name": "Checkout",
  "description": "Checkout a Git repository at a particular version",
  "inputs": {
    "type": 2,
    "map": [
      {
        "key": {
          "type": 0,
          "file": 2,
          "line": 4,
          "col": 3,
          "lit": "repository"
        },
        "value": {
          "type": 3,
          "file": 2,
          "line": 6,
          "col": 14,
          "expr": "github.repository"
        }
      },
      {
        "key": {
          "type": 0,
          "file": 2,
          "line": 7,
          "col": 3,
          "lit": "ref"
        },
        "value": ""
      },
      {
        "key": {
          "type": 0,
          "file": 2,
          "line": 12,
          "col": 3,
          "lit": "token"
        },
        "value": {
          "type": 3,
          "file": 2,
          "line": 24,
          "col": 14,
          "expr": "github.token"
        }
      },
      {
        "key": {
          "type": 0,
          "file": 2,
          "line": 25,
          "col": 3,
          "lit": "ssh-key"
        },
        "value": ""
      },
      {
        "key": {
          "type": 0,
          "file": 2,
          "line": 37,
          "col": 3,
          "lit": "ssh-known-hosts"
        },
        "value": ""
      },
      {
        "key": {
          "type": 0,
          "file": 2,
          "line": 42,
          "col": 3,
          "lit": "ssh-strict"
        },
        "value": {
          "type": 0,
          "file": 2,
          "line": 47,
          "col": 14,
          "lit": "true"
        }
      },
      {
        "key": {
          "type": 0,
          "file": 2,
          "line": 48,
          "col": 3,
          "lit": "ssh-user"
        },
        "value": {
          "type": 0,
          "file": 2,
          "line": 51,
          "col": 14,
          "lit": "git"
        }
      },
      {
        "key": {
          "type": 0,
          "file": 2,
          "line": 52,
          "col": 3,
          "lit": "persist-credentials"
        },
        "value": {
          "type": 0,
          "file": 2,
          "line": 54,
          "col": 14,
          "lit": "true"
        }
      },
      {
        "key": {
          "type": 0,
          "file": 2,
          "line": 55,
          "col": 3,
          "lit": "path"
        },
        "value": ""
      },
      {
        "key": {
          "type": 0,
          "file": 2,
          "line": 57,
          "col": 3,
          "lit": "clean"
        },
        "value": {
          "type": 0,
          "file": 2,
          "line": 59,
          "col": 14,
          "lit": "true"
        }
      },
      {
        "key": {
          "type": 0,
          "file": 2,
          "line": 60,
          "col": 3,
          "lit": "filter"
        },
        "value": {
          "type": 0,
          "file": 2,
          "line": 64,
          "col": 14,
          "lit": ""
        }
      },
      {
        "key": {
          "type": 0,
          "file": 2,
          "line": 65,
          "col": 3,
          "lit": "sparse-checkout"
        },
        "value": {
          "type": 0,
          "file": 2,
          "line": 69,
          "col": 14,
          "lit": ""
        }
      },
      {
        "key": {
          "type": 0,
          "file": 2,
          "line": 70,
          "col": 3,
          "lit": "sparse-checkout-cone-mode"
        },
        "value": {
          "type": 0,
          "file": 2,
          "line": 73,
          "col": 14,
          "lit": "true"
        }
      },
      {
        "key": {
          "type": 0,
          "file": 2,
          "line": 74,
          "col": 3,
          "lit": "fetch-depth"
        },
        "value": {
          "type": 0,
          "file": 2,
          "line": 76,
          "col": 14,
          "lit": "1"
        }
      },
      {
        "key": {
          "type": 0,
          "file": 2,
          "line": 77,
          "col": 3,
          "lit": "fetch-tags"
        },
        "value": {
          "type": 0,
          "file": 2,
          "line": 79,
          "col": 14,
          "lit": "false"
        }
      },
      {
        "key": {
          "type": 0,
          "file": 2,
          "line": 80,
          "col": 3,
          "lit": "show-progress"
        },
        "value": {
          "type": 0,
          "file": 2,
          "line": 82,
          "col": 14,
          "lit": "true"
        }
      },
      {
        "key": {
          "type": 0,
          "file": 2,
          "line": 83,
          "col": 3,
          "lit": "lfs"
        },
        "value": {
          "type": 0,
          "file": 2,
          "line": 85,
          "col": 14,
          "lit": "false"
        }
      },
      {
        "key": {
          "type": 0,
          "file": 2,
          "line": 86,
          "col": 3,
          "lit": "submodules"
        },
        "value": {
          "type": 0,
          "file": 2,
          "line": 94,
          "col": 14,
          "lit": "false"
        }
      },
      {
        "key": {
          "type": 0,
          "file": 2,
          "line": 95,
          "col": 3,
          "lit": "set-safe-directory"
        },
        "value": {
          "type": 0,
          "file": 2,
          "line": 97,
          "col": 14,
          "lit": "true"
        }
      },
      {
        "key": {
          "type": 0,
          "file": 2,
          "line": 98,
          "col": 3,
          "lit": "github-server-url"
        },
        "value": ""
      }
    ]
  },
  "execution": {
    "executionType": "nodeJS",
    "hasPre": false,
    "hasPost": true,
    "script": "dist/index.js",
    "pre": null,
    "post": "dist/index.js",
    "nodeVersion": "node20",
    "cleanupCondition": "always()",
    "initCondition": "always()"
  },
  "deprecated": null
}
[2026-06-05 13:45:18Z INFO ActionManager] Action node.js file: dist/index.js, no more preparation.
[2026-06-05 13:45:18Z INFO HostContext] Well known directory 'Bin': 'C:\Users\Levi\Desktop\Attachment\SD Seminar\actions-runner\bin'
[2026-06-05 13:45:18Z INFO HostContext] Well known directory 'Root': 'C:\Users\Levi\Desktop\Attachment\SD Seminar\actions-runner'
[2026-06-05 13:45:18Z INFO HostContext] Well known directory 'Work': 'C:\Users\Levi\Desktop\Attachment\SD Seminar\actions-runner\_work'
[2026-06-05 13:45:18Z INFO HostContext] Well known directory 'Actions': 'C:\Users\Levi\Desktop\Attachment\SD Seminar\actions-runner\_work\_actions'
[2026-06-05 13:45:18Z INFO ActionManager] Load action that reference repository from 'C:\Users\Levi\Desktop\Attachment\SD Seminar\actions-runner\_work\_actions\actions\checkout\v4'
[2026-06-05 13:45:18Z INFO HostContext] Well known directory 'Bin': 'C:\Users\Levi\Desktop\Attachment\SD Seminar\actions-runner\bin'
[2026-06-05 13:45:18Z INFO HostContext] Well known directory 'Root': 'C:\Users\Levi\Desktop\Attachment\SD Seminar\actions-runner'
[2026-06-05 13:45:18Z INFO HostContext] Well known directory 'Work': 'C:\Users\Levi\Desktop\Attachment\SD Seminar\actions-runner\_work'
[2026-06-05 13:45:18Z INFO HostContext] Well known directory 'Actions': 'C:\Users\Levi\Desktop\Attachment\SD Seminar\actions-runner\_work\_actions'
[2026-06-05 13:45:18Z INFO ActionManifestManagerLegacy] Loaded action.yml file: {
  "name": "Checkout",
  "description": "Checkout a Git repository at a particular version",
  "inputs": {
    "type": 2,
    "map": [
      {
        "key": {
          "type": 0,
          "file": 2,
          "line": 4,
          "col": 3,
          "lit": "repository"
        },
        "value": {
          "type": 3,
          "file": 2,
          "line": 6,
          "col": 14,
          "expr": "github.repository"
        }
      },
      {
        "key": {
          "type": 0,
          "file": 2,
          "line": 7,
          "col": 3,
          "lit": "ref"
        },
        "value": ""
      },
      {
        "key": {
          "type": 0,
          "file": 2,
          "line": 12,
          "col": 3,
          "lit": "token"
        },
        "value": {
          "type": 3,
          "file": 2,
          "line": 24,
          "col": 14,
          "expr": "github.token"
        }
      },
      {
        "key": {
          "type": 0,
          "file": 2,
          "line": 25,
          "col": 3,
          "lit": "ssh-key"
        },
        "value": ""
      },
      {
        "key": {
          "type": 0,
          "file": 2,
          "line": 37,
          "col": 3,
          "lit": "ssh-known-hosts"
        },
        "value": ""
      },
      {
        "key": {
          "type": 0,
          "file": 2,
          "line": 42,
          "col": 3,
          "lit": "ssh-strict"
        },
        "value": {
          "type": 0,
          "file": 2,
          "line": 47,
          "col": 14,
          "lit": "true"
        }
      },
      {
        "key": {
          "type": 0,
          "file": 2,
          "line": 48,
          "col": 3,
          "lit": "ssh-user"
        },
        "value": {
          "type": 0,
          "file": 2,
          "line": 51,
          "col": 14,
          "lit": "git"
        }
      },
      {
        "key": {
          "type": 0,
          "file": 2,
          "line": 52,
          "col": 3,
          "lit": "persist-credentials"
        },
        "value": {
          "type": 0,
          "file": 2,
          "line": 54,
          "col": 14,
          "lit": "true"
        }
      },
      {
        "key": {
          "type": 0,
          "file": 2,
          "line": 55,
          "col": 3,
          "lit": "path"
        },
        "value": ""
      },
      {
        "key": {
          "type": 0,
          "file": 2,
          "line": 57,
          "col": 3,
          "lit": "clean"
        },
        "value": {
          "type": 0,
          "file": 2,
          "line": 59,
          "col": 14,
          "lit": "true"
        }
      },
      {
        "key": {
          "type": 0,
          "file": 2,
          "line": 60,
          "col": 3,
          "lit": "filter"
        },
        "value": {
          "type": 0,
          "file": 2,
          "line": 64,
          "col": 14,
          "lit": ""
        }
      },
      {
        "key": {
          "type": 0,
          "file": 2,
          "line": 65,
          "col": 3,
          "lit": "sparse-checkout"
        },
        "value": {
          "type": 0,
          "file": 2,
          "line": 69,
          "col": 14,
          "lit": ""
        }
      },
      {
        "key": {
          "type": 0,
          "file": 2,
          "line": 70,
          "col": 3,
          "lit": "sparse-checkout-cone-mode"
        },
        "value": {
          "type": 0,
          "file": 2,
          "line": 73,
          "col": 14,
          "lit": "true"
        }
      },
      {
        "key": {
          "type": 0,
          "file": 2,
          "line": 74,
          "col": 3,
          "lit": "fetch-depth"
        },
        "value": {
          "type": 0,
          "file": 2,
          "line": 76,
          "col": 14,
          "lit": "1"
        }
      },
      {
        "key": {
          "type": 0,
          "file": 2,
          "line": 77,
          "col": 3,
          "lit": "fetch-tags"
        },
        "value": {
          "type": 0,
          "file": 2,
          "line": 79,
          "col": 14,
          "lit": "false"
        }
      },
      {
        "key": {
          "type": 0,
          "file": 2,
          "line": 80,
          "col": 3,
          "lit": "show-progress"
        },
        "value": {
          "type": 0,
          "file": 2,
          "line": 82,
          "col": 14,
          "lit": "true"
        }
      },
      {
        "key": {
          "type": 0,
          "file": 2,
          "line": 83,
          "col": 3,
          "lit": "lfs"
        },
        "value": {
          "type": 0,
          "file": 2,
          "line": 85,
          "col": 14,
          "lit": "false"
        }
      },
      {
        "key": {
          "type": 0,
          "file": 2,
          "line": 86,
          "col": 3,
          "lit": "submodules"
        },
        "value": {
          "type": 0,
          "file": 2,
          "line": 94,
          "col": 14,
          "lit": "false"
        }
      },
      {
        "key": {
          "type": 0,
          "file": 2,
          "line": 95,
          "col": 3,
          "lit": "set-safe-directory"
        },
        "value": {
          "type": 0,
          "file": 2,
          "line": 97,
          "col": 14,
          "lit": "true"
        }
      },
      {
        "key": {
          "type": 0,
          "file": 2,
          "line": 98,
          "col": 3,
          "lit": "github-server-url"
        },
        "value": ""
      }
    ]
  },
  "execution": {
    "executionType": "nodeJS",
    "hasPre": false,
    "hasPost": true,
    "script": "dist/index.js",
    "pre": null,
    "post": "dist/index.js",
    "nodeVersion": "node20",
    "cleanupCondition": "always()",
    "initCondition": "always()"
  },
  "deprecated": null
}
[2026-06-05 13:45:18Z INFO ActionManager] Action pre node.js file: N/A.
[2026-06-05 13:45:18Z INFO ActionManager] Action node.js file: dist/index.js.
[2026-06-05 13:45:18Z INFO ActionManager] Action post node.js file: dist/index.js.
[2026-06-05 13:45:18Z INFO HostContext] Well known directory 'Bin': 'C:\Users\Levi\Desktop\Attachment\SD Seminar\actions-runner\bin'
[2026-06-05 13:45:18Z INFO HostContext] Well known directory 'Root': 'C:\Users\Levi\Desktop\Attachment\SD Seminar\actions-runner'
[2026-06-05 13:45:18Z INFO HostContext] Well known directory 'Work': 'C:\Users\Levi\Desktop\Attachment\SD Seminar\actions-runner\_work'
[2026-06-05 13:45:18Z INFO HostContext] Well known directory 'Actions': 'C:\Users\Levi\Desktop\Attachment\SD Seminar\actions-runner\_work\_actions'
[2026-06-05 13:45:18Z INFO HostContext] Well known directory 'Bin': 'C:\Users\Levi\Desktop\Attachment\SD Seminar\actions-runner\bin'
[2026-06-05 13:45:18Z INFO HostContext] Well known directory 'Root': 'C:\Users\Levi\Desktop\Attachment\SD Seminar\actions-runner'
[2026-06-05 13:45:18Z INFO HostContext] Well known directory 'Work': 'C:\Users\Levi\Desktop\Attachment\SD Seminar\actions-runner\_work'
[2026-06-05 13:45:18Z INFO HostContext] Well known directory 'Actions': 'C:\Users\Levi\Desktop\Attachment\SD Seminar\actions-runner\_work\_actions'
[2026-06-05 13:45:18Z INFO ActionManifestManagerLegacy] Ignore action property author.
[2026-06-05 13:45:18Z INFO ActionManifestManagerLegacy] Loaded action.yml file: {
  "name": "Upload a Build Artifact",
  "description": "Upload a build artifact that can be used by subsequent workflow steps",
  "inputs": {
    "type": 2,
    "map": [
      {
        "key": {
          "type": 0,
          "file": 3,
          "line": 5,
          "col": 3,
          "lit": "name"
        },
        "value": {
          "type": 0,
          "file": 3,
          "line": 7,
          "col": 14,
          "lit": "artifact"
        }
      },
      {
        "key": {
          "type": 0,
          "file": 3,
          "line": 8,
          "col": 3,
          "lit": "path"
        },
        "value": ""
      },
      {
        "key": {
          "type": 0,
          "file": 3,
          "line": 11,
          "col": 3,
          "lit": "if-no-files-found"
        },
        "value": {
          "type": 0,
          "file": 3,
          "line": 19,
          "col": 14,
          "lit": "warn"
        }
      },
      {
        "key": {
          "type": 0,
          "file": 3,
          "line": 20,
          "col": 3,
          "lit": "retention-days"
        },
        "value": ""
      },
      {
        "key": {
          "type": 0,
          "file": 3,
          "line": 26,
          "col": 3,
          "lit": "compression-level"
        },
        "value": {
          "type": 0,
          "file": 3,
          "line": 36,
          "col": 14,
          "lit": "6"
        }
      },
      {
        "key": {
          "type": 0,
          "file": 3,
          "line": 37,
          "col": 3,
          "lit": "overwrite"
        },
        "value": {
          "type": 0,
          "file": 3,
          "line": 42,
          "col": 14,
          "lit": "false"
        }
      },
      {
        "key": {
          "type": 0,
          "file": 3,
          "line": 43,
          "col": 3,
          "lit": "include-hidden-files"
        },
        "value": {
          "type": 0,
          "file": 3,
          "line": 47,
          "col": 14,
          "lit": "false"
        }
      }
    ]
  },
  "execution": {
    "executionType": "nodeJS",
    "hasPre": false,
    "hasPost": false,
    "script": "dist/upload/index.js",
    "pre": null,
    "post": null,
    "nodeVersion": "node20",
    "cleanupCondition": "always()",
    "initCondition": "always()"
  },
  "deprecated": null
}
[2026-06-05 13:45:18Z INFO ActionManager] Action node.js file: dist/upload/index.js, no more preparation.
[2026-06-05 13:45:18Z INFO HostContext] Well known directory 'Bin': 'C:\Users\Levi\Desktop\Attachment\SD Seminar\actions-runner\bin'
[2026-06-05 13:45:18Z INFO HostContext] Well known directory 'Root': 'C:\Users\Levi\Desktop\Attachment\SD Seminar\actions-runner'
[2026-06-05 13:45:18Z INFO HostContext] Well known directory 'Work': 'C:\Users\Levi\Desktop\Attachment\SD Seminar\actions-runner\_work'
[2026-06-05 13:45:18Z INFO HostContext] Well known directory 'Actions': 'C:\Users\Levi\Desktop\Attachment\SD Seminar\actions-runner\_work\_actions'
[2026-06-05 13:45:18Z INFO ActionManager] Load action that reference repository from 'C:\Users\Levi\Desktop\Attachment\SD Seminar\actions-runner\_work\_actions\actions\upload-artifact\v4'
[2026-06-05 13:45:18Z INFO HostContext] Well known directory 'Bin': 'C:\Users\Levi\Desktop\Attachment\SD Seminar\actions-runner\bin'
[2026-06-05 13:45:18Z INFO HostContext] Well known directory 'Root': 'C:\Users\Levi\Desktop\Attachment\SD Seminar\actions-runner'
[2026-06-05 13:45:18Z INFO HostContext] Well known directory 'Work': 'C:\Users\Levi\Desktop\Attachment\SD Seminar\actions-runner\_work'
[2026-06-05 13:45:18Z INFO HostContext] Well known directory 'Actions': 'C:\Users\Levi\Desktop\Attachment\SD Seminar\actions-runner\_work\_actions'
[2026-06-05 13:45:18Z INFO ActionManifestManagerLegacy] Ignore action property author.
[2026-06-05 13:45:18Z INFO ActionManifestManagerLegacy] Loaded action.yml file: {
  "name": "Upload a Build Artifact",
  "description": "Upload a build artifact that can be used by subsequent workflow steps",
  "inputs": {
    "type": 2,
    "map": [
      {
        "key": {
          "type": 0,
          "file": 3,
          "line": 5,
          "col": 3,
          "lit": "name"
        },
        "value": {
          "type": 0,
          "file": 3,
          "line": 7,
          "col": 14,
          "lit": "artifact"
        }
      },
      {
        "key": {
          "type": 0,
          "file": 3,
          "line": 8,
          "col": 3,
          "lit": "path"
        },
        "value": ""
      },
      {
        "key": {
          "type": 0,
          "file": 3,
          "line": 11,
          "col": 3,
          "lit": "if-no-files-found"
        },
        "value": {
          "type": 0,
          "file": 3,
          "line": 19,
          "col": 14,
          "lit": "warn"
        }
      },
      {
        "key": {
          "type": 0,
          "file": 3,
          "line": 20,
          "col": 3,
          "lit": "retention-days"
        },
        "value": ""
      },
      {
        "key": {
          "type": 0,
          "file": 3,
          "line": 26,
          "col": 3,
          "lit": "compression-level"
        },
        "value": {
          "type": 0,
          "file": 3,
          "line": 36,
          "col": 14,
          "lit": "6"
        }
      },
      {
        "key": {
          "type": 0,
          "file": 3,
          "line": 37,
          "col": 3,
          "lit": "overwrite"
        },
        "value": {
          "type": 0,
          "file": 3,
          "line": 42,
          "col": 14,
          "lit": "false"
        }
      },
      {
        "key": {
          "type": 0,
          "file": 3,
          "line": 43,
          "col": 3,
          "lit": "include-hidden-files"
        },
        "value": {
          "type": 0,
          "file": 3,
          "line": 47,
          "col": 14,
          "lit": "false"
        }
      }
    ]
  },
  "execution": {
    "executionType": "nodeJS",
    "hasPre": false,
    "hasPost": false,
    "script": "dist/upload/index.js",
    "pre": null,
    "post": null,
    "nodeVersion": "node20",
    "cleanupCondition": "always()",
    "initCondition": "always()"
  },
  "deprecated": null
}
[2026-06-05 13:45:18Z INFO ActionManager] Action pre node.js file: N/A.
[2026-06-05 13:45:18Z INFO ActionManager] Action node.js file: dist/upload/index.js.
[2026-06-05 13:45:18Z INFO ActionManager] Action post node.js file: N/A.
[2026-06-05 13:45:18Z INFO JobExtension] Adding .
[2026-06-05 13:45:18Z INFO JobExtension] Adding .
[2026-06-05 13:45:18Z INFO JobExtension] Adding .
[2026-06-05 13:45:18Z INFO JobExtension] Adding .
[2026-06-05 13:45:18Z INFO JobExtension] Adding .
[2026-06-05 13:45:18Z INFO HostContext] Well known directory 'Bin': 'C:\Users\Levi\Desktop\Attachment\SD Seminar\actions-runner\bin'
[2026-06-05 13:45:18Z INFO HostContext] Well known directory 'Root': 'C:\Users\Levi\Desktop\Attachment\SD Seminar\actions-runner'
[2026-06-05 13:45:18Z INFO HostContext] Well known directory 'Diag': 'C:\Users\Levi\Desktop\Attachment\SD Seminar\actions-runner\_diag'
[2026-06-05 13:45:18Z INFO HostContext] Well known directory 'Bin': 'C:\Users\Levi\Desktop\Attachment\SD Seminar\actions-runner\bin'
[2026-06-05 13:45:18Z INFO HostContext] Well known directory 'Root': 'C:\Users\Levi\Desktop\Attachment\SD Seminar\actions-runner'
[2026-06-05 13:45:18Z INFO HostContext] Well known directory 'Diag': 'C:\Users\Levi\Desktop\Attachment\SD Seminar\actions-runner\_diag'
[2026-06-05 13:45:18Z INFO HostContext] Well known directory 'Bin': 'C:\Users\Levi\Desktop\Attachment\SD Seminar\actions-runner\bin'
[2026-06-05 13:45:18Z INFO HostContext] Well known directory 'Root': 'C:\Users\Levi\Desktop\Attachment\SD Seminar\actions-runner'
[2026-06-05 13:45:18Z INFO HostContext] Well known directory 'Diag': 'C:\Users\Levi\Desktop\Attachment\SD Seminar\actions-runner\_diag'
[2026-06-05 13:45:18Z INFO HostContext] Well known directory 'Bin': 'C:\Users\Levi\Desktop\Attachment\SD Seminar\actions-runner\bin'
[2026-06-05 13:45:18Z INFO HostContext] Well known directory 'Root': 'C:\Users\Levi\Desktop\Attachment\SD Seminar\actions-runner'
[2026-06-05 13:45:18Z INFO HostContext] Well known directory 'Diag': 'C:\Users\Levi\Desktop\Attachment\SD Seminar\actions-runner\_diag'
[2026-06-05 13:45:18Z INFO HostContext] Well known directory 'Bin': 'C:\Users\Levi\Desktop\Attachment\SD Seminar\actions-runner\bin'
[2026-06-05 13:45:18Z INFO HostContext] Well known directory 'Root': 'C:\Users\Levi\Desktop\Attachment\SD Seminar\actions-runner'
[2026-06-05 13:45:18Z INFO HostContext] Well known directory 'Diag': 'C:\Users\Levi\Desktop\Attachment\SD Seminar\actions-runner\_diag'
[2026-06-05 13:45:18Z INFO HostContext] Well known directory 'Bin': 'C:\Users\Levi\Desktop\Attachment\SD Seminar\actions-runner\bin'
[2026-06-05 13:45:18Z INFO HostContext] Well known directory 'Root': 'C:\Users\Levi\Desktop\Attachment\SD Seminar\actions-runner'
[2026-06-05 13:45:18Z INFO HostContext] Well known directory 'Diag': 'C:\Users\Levi\Desktop\Attachment\SD Seminar\actions-runner\_diag'
[2026-06-05 13:45:18Z INFO HostContext] Well known directory 'Bin': 'C:\Users\Levi\Desktop\Attachment\SD Seminar\actions-runner\bin'
[2026-06-05 13:45:18Z INFO HostContext] Well known directory 'Root': 'C:\Users\Levi\Desktop\Attachment\SD Seminar\actions-runner'
[2026-06-05 13:45:18Z INFO HostContext] Well known directory 'Diag': 'C:\Users\Levi\Desktop\Attachment\SD Seminar\actions-runner\_diag'
[2026-06-05 13:45:18Z INFO HostContext] Well known directory 'Bin': 'C:\Users\Levi\Desktop\Attachment\SD Seminar\actions-runner\bin'
[2026-06-05 13:45:18Z INFO HostContext] Well known directory 'Root': 'C:\Users\Levi\Desktop\Attachment\SD Seminar\actions-runner'
[2026-06-05 13:45:18Z INFO HostContext] Well known directory 'Diag': 'C:\Users\Levi\Desktop\Attachment\SD Seminar\actions-runner\_diag'
[2026-06-05 13:45:18Z INFO HostContext] Well known directory 'Bin': 'C:\Users\Levi\Desktop\Attachment\SD Seminar\actions-runner\bin'
[2026-06-05 13:45:18Z INFO HostContext] Well known directory 'Root': 'C:\Users\Levi\Desktop\Attachment\SD Seminar\actions-runner'
[2026-06-05 13:45:18Z INFO HostContext] Well known directory 'Diag': 'C:\Users\Levi\Desktop\Attachment\SD Seminar\actions-runner\_diag'
[2026-06-05 13:45:18Z INFO HostContext] Well known directory 'Bin': 'C:\Users\Levi\Desktop\Attachment\SD Seminar\actions-runner\bin'
[2026-06-05 13:45:18Z INFO HostContext] Well known directory 'Root': 'C:\Users\Levi\Desktop\Attachment\SD Seminar\actions-runner'
[2026-06-05 13:45:18Z INFO HostContext] Well known directory 'Diag': 'C:\Users\Levi\Desktop\Attachment\SD Seminar\actions-runner\_diag'
[2026-06-05 13:45:18Z INFO JobExtension] Total accessible running process: 253.
[2026-06-05 13:45:18Z INFO HostContext] Well known directory 'Bin': 'C:\Users\Levi\Desktop\Attachment\SD Seminar\actions-runner\bin'
[2026-06-05 13:45:18Z INFO HostContext] Well known directory 'Root': 'C:\Users\Levi\Desktop\Attachment\SD Seminar\actions-runner'
[2026-06-05 13:45:18Z INFO HostContext] Well known directory 'Work': 'C:\Users\Levi\Desktop\Attachment\SD Seminar\actions-runner\_work'
[2026-06-05 13:45:18Z INFO JobExtension] Start checking server connectivity.
[2026-06-05 13:45:18Z INFO JobExtension] Check server connectivity for https://broker.actions.githubusercontent.com/health.
[2026-06-05 13:45:18Z INFO JobExtension] Check server connectivity for https://token.actions.githubusercontent.com/ready.
[2026-06-05 13:45:18Z INFO JobExtension] Check server connectivity for https://run.actions.githubusercontent.com/health.
[2026-06-05 13:45:18Z INFO JobExtension] Start checking service connectivity in background.
[2026-06-05 13:45:18Z INFO ExecutionContext] Publish step telemetry for current step {
  "action": "setup_job",
  "type": "runner",
  "stage": "Pre",
  "stepId": "7b072d27-63bf-4a0a-9aa2-6e2f92248bdd",
  "result": "succeeded",
  "errorMessages": [],
  "executionTimeInSeconds": 7,
  "startTime": "2026-06-05T13:45:11.6257768Z",
  "finishTime": "2026-06-05T13:45:18.4135165Z"
}.
[2026-06-05 13:45:18Z INFO JobRunner] Total job steps: 5.
[2026-06-05 13:45:18Z INFO JobRunner] Run all job steps.
[2026-06-05 13:45:18Z INFO DapDebugger] DapDebugger initialized
[2026-06-05 13:45:18Z INFO StepsRunner] Processing step: DisplayName='Checkout repository'
[2026-06-05 13:45:18Z INFO StepsRunner] Evaluating: success()
[2026-06-05 13:45:18Z INFO StepsRunner] Result: true
[2026-06-05 13:45:18Z INFO StepsRunner] Starting the step.
[2026-06-05 13:45:18Z INFO HostContext] Well known directory 'Bin': 'C:\Users\Levi\Desktop\Attachment\SD Seminar\actions-runner\bin'
[2026-06-05 13:45:18Z INFO HostContext] Well known directory 'Root': 'C:\Users\Levi\Desktop\Attachment\SD Seminar\actions-runner'
[2026-06-05 13:45:18Z INFO HostContext] Well known directory 'Work': 'C:\Users\Levi\Desktop\Attachment\SD Seminar\actions-runner\_work'
[2026-06-05 13:45:18Z INFO StepsRunner] Which2: 'chcp'
[2026-06-05 13:45:18Z INFO StepsRunner] Location: 'C:\Windows\system32\chcp.COM'
[2026-06-05 13:45:18Z INFO ProcessInvokerWrapper] Starting process:
[2026-06-05 13:45:18Z INFO ProcessInvokerWrapper]   File name: 'C:\Windows\system32\chcp.COM'
[2026-06-05 13:45:18Z INFO ProcessInvokerWrapper]   Arguments: '65001'
[2026-06-05 13:45:18Z INFO ProcessInvokerWrapper]   Working directory: 'C:\Users\Levi\Desktop\Attachment\SD Seminar\actions-runner\_work'
[2026-06-05 13:45:18Z INFO ProcessInvokerWrapper]   Require exit code zero: 'False'
[2026-06-05 13:45:18Z INFO ProcessInvokerWrapper]   Encoding web name:  ; code page: ''
[2026-06-05 13:45:18Z INFO ProcessInvokerWrapper]   Force kill process on cancellation: 'False'
[2026-06-05 13:45:18Z INFO ProcessInvokerWrapper]   Redirected STDIN: 'False'
[2026-06-05 13:45:18Z INFO ProcessInvokerWrapper]   Persist current code page: 'True'
[2026-06-05 13:45:18Z INFO ProcessInvokerWrapper]   Keep redirected STDIN open: 'False'
[2026-06-05 13:45:18Z INFO ProcessInvokerWrapper]   High priority process: 'False'
[2026-06-05 13:45:18Z INFO ProcessInvokerWrapper] Process started with process id 9000, waiting for process exit.
[2026-06-05 13:45:18Z INFO JobServerQueue] Try to append 1 batches web console lines for record '7b072d27-63bf-4a0a-9aa2-6e2f92248bdd', success rate: 1/1.
[2026-06-05 13:45:18Z INFO ProcessInvokerWrapper] STDOUT/STDERR stream read finished.
[2026-06-05 13:45:18Z INFO ProcessInvokerWrapper] STDOUT/STDERR stream read finished.
[2026-06-05 13:45:18Z INFO ProcessInvokerWrapper] Finished process 9000 with exit code 0, and elapsed time 00:00:00.0393550.
[2026-06-05 13:45:18Z INFO StepsRunner] Successfully returned to code page 65001 (UTF8)
[2026-06-05 13:45:18Z INFO HostContext] Well known directory 'Bin': 'C:\Users\Levi\Desktop\Attachment\SD Seminar\actions-runner\bin'
[2026-06-05 13:45:18Z INFO HostContext] Well known directory 'Root': 'C:\Users\Levi\Desktop\Attachment\SD Seminar\actions-runner'
[2026-06-05 13:45:18Z INFO HostContext] Well known directory 'Work': 'C:\Users\Levi\Desktop\Attachment\SD Seminar\actions-runner\_work'
[2026-06-05 13:45:18Z INFO HostContext] Well known directory 'Actions': 'C:\Users\Levi\Desktop\Attachment\SD Seminar\actions-runner\_work\_actions'
[2026-06-05 13:45:18Z INFO ActionManager] Load action that reference repository from 'C:\Users\Levi\Desktop\Attachment\SD Seminar\actions-runner\_work\_actions\actions\checkout\v4'
[2026-06-05 13:45:18Z INFO HostContext] Well known directory 'Bin': 'C:\Users\Levi\Desktop\Attachment\SD Seminar\actions-runner\bin'
[2026-06-05 13:45:18Z INFO HostContext] Well known directory 'Root': 'C:\Users\Levi\Desktop\Attachment\SD Seminar\actions-runner'
[2026-06-05 13:45:18Z INFO HostContext] Well known directory 'Work': 'C:\Users\Levi\Desktop\Attachment\SD Seminar\actions-runner\_work'
[2026-06-05 13:45:18Z INFO HostContext] Well known directory 'Actions': 'C:\Users\Levi\Desktop\Attachment\SD Seminar\actions-runner\_work\_actions'
[2026-06-05 13:45:18Z INFO ActionManifestManagerLegacy] Loaded action.yml file: {
  "name": "Checkout",
  "description": "Checkout a Git repository at a particular version",
  "inputs": {
    "type": 2,
    "map": [
      {
        "key": {
          "type": 0,
          "file": 2,
          "line": 4,
          "col": 3,
          "lit": "repository"
        },
        "value": {
          "type": 3,
          "file": 2,
          "line": 6,
          "col": 14,
          "expr": "github.repository"
        }
      },
      {
        "key": {
          "type": 0,
          "file": 2,
          "line": 7,
          "col": 3,
          "lit": "ref"
        },
        "value": ""
      },
      {
        "key": {
          "type": 0,
          "file": 2,
          "line": 12,
          "col": 3,
          "lit": "token"
        },
        "value": {
          "type": 3,
          "file": 2,
          "line": 24,
          "col": 14,
          "expr": "github.token"
        }
      },
      {
        "key": {
          "type": 0,
          "file": 2,
          "line": 25,
          "col": 3,
          "lit": "ssh-key"
        },
        "value": ""
      },
      {
        "key": {
          "type": 0,
          "file": 2,
          "line": 37,
          "col": 3,
          "lit": "ssh-known-hosts"
        },
        "value": ""
      },
      {
        "key": {
          "type": 0,
          "file": 2,
          "line": 42,
          "col": 3,
          "lit": "ssh-strict"
        },
        "value": {
          "type": 0,
          "file": 2,
          "line": 47,
          "col": 14,
          "lit": "true"
        }
      },
      {
        "key": {
          "type": 0,
          "file": 2,
          "line": 48,
          "col": 3,
          "lit": "ssh-user"
        },
        "value": {
          "type": 0,
          "file": 2,
          "line": 51,
          "col": 14,
          "lit": "git"
        }
      },
      {
        "key": {
          "type": 0,
          "file": 2,
          "line": 52,
          "col": 3,
          "lit": "persist-credentials"
        },
        "value": {
          "type": 0,
          "file": 2,
          "line": 54,
          "col": 14,
          "lit": "true"
        }
      },
      {
        "key": {
          "type": 0,
          "file": 2,
          "line": 55,
          "col": 3,
          "lit": "path"
        },
        "value": ""
      },
      {
        "key": {
          "type": 0,
          "file": 2,
          "line": 57,
          "col": 3,
          "lit": "clean"
        },
        "value": {
          "type": 0,
          "file": 2,
          "line": 59,
          "col": 14,
          "lit": "true"
        }
      },
      {
        "key": {
          "type": 0,
          "file": 2,
          "line": 60,
          "col": 3,
          "lit": "filter"
        },
        "value": {
          "type": 0,
          "file": 2,
          "line": 64,
          "col": 14,
          "lit": ""
        }
      },
      {
        "key": {
          "type": 0,
          "file": 2,
          "line": 65,
          "col": 3,
          "lit": "sparse-checkout"
        },
        "value": {
          "type": 0,
          "file": 2,
          "line": 69,
          "col": 14,
          "lit": ""
        }
      },
      {
        "key": {
          "type": 0,
          "file": 2,
          "line": 70,
          "col": 3,
          "lit": "sparse-checkout-cone-mode"
        },
        "value": {
          "type": 0,
          "file": 2,
          "line": 73,
          "col": 14,
          "lit": "true"
        }
      },
      {
        "key": {
          "type": 0,
          "file": 2,
          "line": 74,
          "col": 3,
          "lit": "fetch-depth"
        },
        "value": {
          "type": 0,
          "file": 2,
          "line": 76,
          "col": 14,
          "lit": "1"
        }
      },
      {
        "key": {
          "type": 0,
          "file": 2,
          "line": 77,
          "col": 3,
          "lit": "fetch-tags"
        },
        "value": {
          "type": 0,
          "file": 2,
          "line": 79,
          "col": 14,
          "lit": "false"
        }
      },
      {
        "key": {
          "type": 0,
          "file": 2,
          "line": 80,
          "col": 3,
          "lit": "show-progress"
        },
        "value": {
          "type": 0,
          "file": 2,
          "line": 82,
          "col": 14,
          "lit": "true"
        }
      },
      {
        "key": {
          "type": 0,
          "file": 2,
          "line": 83,
          "col": 3,
          "lit": "lfs"
        },
        "value": {
          "type": 0,
          "file": 2,
          "line": 85,
          "col": 14,
          "lit": "false"
        }
      },
      {
        "key": {
          "type": 0,
          "file": 2,
          "line": 86,
          "col": 3,
          "lit": "submodules"
        },
        "value": {
          "type": 0,
          "file": 2,
          "line": 94,
          "col": 14,
          "lit": "false"
        }
      },
      {
        "key": {
          "type": 0,
          "file": 2,
          "line": 95,
          "col": 3,
          "lit": "set-safe-directory"
        },
        "value": {
          "type": 0,
          "file": 2,
          "line": 97,
          "col": 14,
          "lit": "true"
        }
      },
      {
        "key": {
          "type": 0,
          "file": 2,
          "line": 98,
          "col": 3,
          "lit": "github-server-url"
        },
        "value": ""
      }
    ]
  },
  "execution": {
    "executionType": "nodeJS",
    "hasPre": false,
    "hasPost": true,
    "script": "dist/index.js",
    "pre": null,
    "post": "dist/index.js",
    "nodeVersion": "node20",
    "cleanupCondition": "always()",
    "initCondition": "always()"
  },
  "deprecated": null
}
[2026-06-05 13:45:18Z INFO ActionManager] Action pre node.js file: N/A.
[2026-06-05 13:45:18Z INFO ActionManager] Action node.js file: dist/index.js.
[2026-06-05 13:45:18Z INFO ActionManager] Action post node.js file: dist/index.js.
[2026-06-05 13:45:18Z INFO ExecutionContext] Reserve record order 7 to 12 for post job actions.
[2026-06-05 13:45:18Z INFO HostContext] Well known directory 'Bin': 'C:\Users\Levi\Desktop\Attachment\SD Seminar\actions-runner\bin'
[2026-06-05 13:45:18Z INFO HostContext] Well known directory 'Root': 'C:\Users\Levi\Desktop\Attachment\SD Seminar\actions-runner'
[2026-06-05 13:45:18Z INFO HostContext] Well known directory 'Diag': 'C:\Users\Levi\Desktop\Attachment\SD Seminar\actions-runner\_diag'
[2026-06-05 13:45:18Z INFO HostContext] Well known directory 'Bin': 'C:\Users\Levi\Desktop\Attachment\SD Seminar\actions-runner\bin'
[2026-06-05 13:45:18Z INFO HostContext] Well known directory 'Root': 'C:\Users\Levi\Desktop\Attachment\SD Seminar\actions-runner'
[2026-06-05 13:45:18Z INFO HostContext] Well known directory 'Diag': 'C:\Users\Levi\Desktop\Attachment\SD Seminar\actions-runner\_diag'
[2026-06-05 13:45:18Z INFO HostContext] Well known directory 'Bin': 'C:\Users\Levi\Desktop\Attachment\SD Seminar\actions-runner\bin'
[2026-06-05 13:45:18Z INFO HostContext] Well known directory 'Root': 'C:\Users\Levi\Desktop\Attachment\SD Seminar\actions-runner'
[2026-06-05 13:45:18Z INFO HostContext] Well known directory 'Work': 'C:\Users\Levi\Desktop\Attachment\SD Seminar\actions-runner\_work'
[2026-06-05 13:45:18Z INFO HostContext] Well known directory 'Temp': 'C:\Users\Levi\Desktop\Attachment\SD Seminar\actions-runner\_work\_temp'
[2026-06-05 13:45:18Z INFO ExecutionContext] Write event payload to C:\Users\Levi\Desktop\Attachment\SD Seminar\actions-runner\_work\_temp\_github_workflow\event.json
[2026-06-05 13:45:18Z INFO HostContext] Well known directory 'Bin': 'C:\Users\Levi\Desktop\Attachment\SD Seminar\actions-runner\bin'
[2026-06-05 13:45:18Z INFO HostContext] Well known directory 'Root': 'C:\Users\Levi\Desktop\Attachment\SD Seminar\actions-runner'
[2026-06-05 13:45:18Z INFO HostContext] Well known directory 'Work': 'C:\Users\Levi\Desktop\Attachment\SD Seminar\actions-runner\_work'
[2026-06-05 13:45:18Z INFO HostContext] Well known directory 'Temp': 'C:\Users\Levi\Desktop\Attachment\SD Seminar\actions-runner\_work\_temp'
[2026-06-05 13:45:18Z INFO ExtensionManager] Getting extensions for interface: 'GitHub.Runner.Worker.IFileCommandExtension'
[2026-06-05 13:45:18Z INFO ExtensionManager] Creating instance: GitHub.Runner.Worker.AddPathFileCommand, Runner.Worker
[2026-06-05 13:45:18Z INFO ExtensionManager] Creating instance: GitHub.Runner.Worker.SetEnvFileCommand, Runner.Worker
[2026-06-05 13:45:18Z INFO ExtensionManager] Creating instance: GitHub.Runner.Worker.CreateStepSummaryCommand, Runner.Worker
[2026-06-05 13:45:18Z INFO ExtensionManager] Creating instance: GitHub.Runner.Worker.SaveStateFileCommand, Runner.Worker
[2026-06-05 13:45:18Z INFO ExtensionManager] Creating instance: GitHub.Runner.Worker.SetOutputFileCommand, Runner.Worker
[2026-06-05 13:45:18Z INFO ActionManifestManagerLegacy] Input 'repository': default value evaluate result: {
  "type": 0,
  "file": 2,
  "line": 6,
  "col": 14,
  "lit": "LeviNjoroge/SD-Seminar"
}
[2026-06-05 13:45:18Z INFO ActionManifestManagerLegacy] Input 'ref': default value evaluate result: ""
[2026-06-05 13:45:18Z INFO ActionManifestManagerLegacy] Input 'token': default value evaluate result: {
  "type": 0,
  "file": 2,
  "line": 24,
  "col": 14,
  "lit": "***"
}
[2026-06-05 13:45:18Z INFO ActionManifestManagerLegacy] Input 'ssh-key': default value evaluate result: ""
[2026-06-05 13:45:18Z INFO ActionManifestManagerLegacy] Input 'ssh-known-hosts': default value evaluate result: ""
[2026-06-05 13:45:18Z INFO ActionManifestManagerLegacy] Input 'ssh-strict': default value evaluate result: {
  "type": 0,
  "file": 2,
  "line": 47,
  "col": 14,
  "lit": "true"
}
[2026-06-05 13:45:18Z INFO ActionManifestManagerLegacy] Input 'ssh-user': default value evaluate result: {
  "type": 0,
  "file": 2,
  "line": 51,
  "col": 14,
  "lit": "git"
}
[2026-06-05 13:45:18Z INFO ActionManifestManagerLegacy] Input 'persist-credentials': default value evaluate result: {
  "type": 0,
  "file": 2,
  "line": 54,
  "col": 14,
  "lit": "true"
}
[2026-06-05 13:45:18Z INFO ActionManifestManagerLegacy] Input 'path': default value evaluate result: ""
[2026-06-05 13:45:18Z INFO ActionManifestManagerLegacy] Input 'clean': default value evaluate result: {
  "type": 0,
  "file": 2,
  "line": 59,
  "col": 14,
  "lit": "true"
}
[2026-06-05 13:45:18Z INFO ActionManifestManagerLegacy] Input 'filter': default value evaluate result: {
  "type": 0,
  "file": 2,
  "line": 64,
  "col": 14,
  "lit": ""
}
[2026-06-05 13:45:18Z INFO ActionManifestManagerLegacy] Input 'sparse-checkout': default value evaluate result: {
  "type": 0,
  "file": 2,
  "line": 69,
  "col": 14,
  "lit": ""
}
[2026-06-05 13:45:18Z INFO ActionManifestManagerLegacy] Input 'sparse-checkout-cone-mode': default value evaluate result: {
  "type": 0,
  "file": 2,
  "line": 73,
  "col": 14,
  "lit": "true"
}
[2026-06-05 13:45:18Z INFO ActionManifestManagerLegacy] Input 'fetch-depth': default value evaluate result: {
  "type": 0,
  "file": 2,
  "line": 76,
  "col": 14,
  "lit": "1"
}
[2026-06-05 13:45:18Z INFO ActionManifestManagerLegacy] Input 'fetch-tags': default value evaluate result: {
  "type": 0,
  "file": 2,
  "line": 79,
  "col": 14,
  "lit": "false"
}
[2026-06-05 13:45:18Z INFO ActionManifestManagerLegacy] Input 'show-progress': default value evaluate result: {
  "type": 0,
  "file": 2,
  "line": 82,
  "col": 14,
  "lit": "true"
}
[2026-06-05 13:45:18Z INFO ActionManifestManagerLegacy] Input 'lfs': default value evaluate result: {
  "type": 0,
  "file": 2,
  "line": 85,
  "col": 14,
  "lit": "false"
}
[2026-06-05 13:45:18Z INFO ActionManifestManagerLegacy] Input 'submodules': default value evaluate result: {
  "type": 0,
  "file": 2,
  "line": 94,
  "col": 14,
  "lit": "false"
}
[2026-06-05 13:45:18Z INFO ActionManifestManagerLegacy] Input 'set-safe-directory': default value evaluate result: {
  "type": 0,
  "file": 2,
  "line": 97,
  "col": 14,
  "lit": "true"
}
[2026-06-05 13:45:18Z INFO ActionManifestManagerLegacy] Input 'github-server-url': default value evaluate result: ""
[2026-06-05 13:45:18Z INFO ExtensionManager] Getting extensions for interface: 'GitHub.Runner.Worker.IActionCommandExtension'
[2026-06-05 13:45:18Z INFO ExtensionManager] Creating instance: GitHub.Runner.Worker.InternalPluginSetRepoPathCommandExtension, Runner.Worker
[2026-06-05 13:45:18Z INFO ExtensionManager] Creating instance: GitHub.Runner.Worker.SetEnvCommandExtension, Runner.Worker
[2026-06-05 13:45:18Z INFO ExtensionManager] Creating instance: GitHub.Runner.Worker.SetOutputCommandExtension, Runner.Worker
[2026-06-05 13:45:18Z INFO ExtensionManager] Creating instance: GitHub.Runner.Worker.SaveStateCommandExtension, Runner.Worker
[2026-06-05 13:45:18Z INFO ExtensionManager] Creating instance: GitHub.Runner.Worker.AddPathCommandExtension, Runner.Worker
[2026-06-05 13:45:18Z INFO ExtensionManager] Creating instance: GitHub.Runner.Worker.AddMaskCommandExtension, Runner.Worker
[2026-06-05 13:45:18Z INFO ExtensionManager] Creating instance: GitHub.Runner.Worker.AddMatcherCommandExtension, Runner.Worker
[2026-06-05 13:45:18Z INFO ExtensionManager] Creating instance: GitHub.Runner.Worker.RemoveMatcherCommandExtension, Runner.Worker
[2026-06-05 13:45:18Z INFO ExtensionManager] Creating instance: GitHub.Runner.Worker.WarningCommandExtension, Runner.Worker
[2026-06-05 13:45:18Z INFO ExtensionManager] Creating instance: GitHub.Runner.Worker.ErrorCommandExtension, Runner.Worker
[2026-06-05 13:45:18Z INFO ExtensionManager] Creating instance: GitHub.Runner.Worker.NoticeCommandExtension, Runner.Worker
[2026-06-05 13:45:18Z INFO ExtensionManager] Creating instance: GitHub.Runner.Worker.DebugCommandExtension, Runner.Worker
[2026-06-05 13:45:18Z INFO ExtensionManager] Creating instance: GitHub.Runner.Worker.GroupCommandExtension, Runner.Worker
[2026-06-05 13:45:18Z INFO ExtensionManager] Creating instance: GitHub.Runner.Worker.EndGroupCommandExtension, Runner.Worker
[2026-06-05 13:45:18Z INFO ExtensionManager] Creating instance: GitHub.Runner.Worker.EchoCommandExtension, Runner.Worker
[2026-06-05 13:45:18Z INFO ActionCommandManager] Register action command extension for command internal-set-repo-path
[2026-06-05 13:45:18Z INFO ActionCommandManager] Register action command extension for command set-env
[2026-06-05 13:45:18Z INFO ActionCommandManager] Register action command extension for command set-output
[2026-06-05 13:45:18Z INFO ActionCommandManager] Register action command extension for command save-state
[2026-06-05 13:45:18Z INFO ActionCommandManager] Register action command extension for command add-path
[2026-06-05 13:45:18Z INFO ActionCommandManager] Register action command extension for command add-mask
[2026-06-05 13:45:18Z INFO ActionCommandManager] Register action command extension for command add-matcher
[2026-06-05 13:45:18Z INFO ActionCommandManager] Register action command extension for command remove-matcher
[2026-06-05 13:45:18Z INFO ActionCommandManager] Register action command extension for command warning
[2026-06-05 13:45:18Z INFO ActionCommandManager] Register action command extension for command error
[2026-06-05 13:45:18Z INFO ActionCommandManager] Register action command extension for command notice
[2026-06-05 13:45:18Z INFO ActionCommandManager] Register action command extension for command debug
[2026-06-05 13:45:18Z INFO ActionCommandManager] Register action command extension for command group
[2026-06-05 13:45:18Z INFO ActionCommandManager] Register action command extension for command endgroup
[2026-06-05 13:45:18Z INFO ActionCommandManager] Register action command extension for command echo
[2026-06-05 13:45:18Z INFO JobServerQueue] Got a step log file to send to results service.
[2026-06-05 13:45:18Z INFO JobServerQueue] Starting upload of step log file to results service ResultsLog, C:\Users\Levi\Desktop\Attachment\SD Seminar\actions-runner\_diag\blocks\76405bbf-c135-4c1b-a691-858f1084b92b_7b072d27-63bf-4a0a-9aa2-6e2f92248bdd.1
[2026-06-05 13:45:18Z INFO JobServerQueue] Try to upload 1 log files or attachments, success rate: 1/1.
[2026-06-05 13:45:18Z INFO HostContext] Well known directory 'Bin': 'C:\Users\Levi\Desktop\Attachment\SD Seminar\actions-runner\bin'
[2026-06-05 13:45:18Z INFO HostContext] Well known directory 'Root': 'C:\Users\Levi\Desktop\Attachment\SD Seminar\actions-runner'
[2026-06-05 13:45:18Z INFO HostContext] Well known directory 'Externals': 'C:\Users\Levi\Desktop\Attachment\SD Seminar\actions-runner\externals'
[2026-06-05 13:45:18Z INFO ProcessInvokerWrapper] Starting process:
[2026-06-05 13:45:18Z INFO ProcessInvokerWrapper]   File name: 'C:\Users\Levi\Desktop\Attachment\SD Seminar\actions-runner\externals\node20\bin\node.exe'
[2026-06-05 13:45:18Z INFO ProcessInvokerWrapper]   Arguments: '"C:\Users\Levi\Desktop\Attachment\SD Seminar\actions-runner\_work\_actions\actions\checkout\v4\dist/index.js"'
[2026-06-05 13:45:18Z INFO ProcessInvokerWrapper]   Working directory: 'C:\Users\Levi\Desktop\Attachment\SD Seminar\actions-runner\_work\SD-Seminar\SD-Seminar'
[2026-06-05 13:45:18Z INFO ProcessInvokerWrapper]   Require exit code zero: 'False'
[2026-06-05 13:45:18Z INFO ProcessInvokerWrapper]   Encoding web name: utf-8 ; code page: '65001'
[2026-06-05 13:45:18Z INFO ProcessInvokerWrapper]   Force kill process on cancellation: 'False'
[2026-06-05 13:45:18Z INFO ProcessInvokerWrapper]   Redirected STDIN: 'False'
[2026-06-05 13:45:18Z INFO ProcessInvokerWrapper]   Persist current code page: 'True'
[2026-06-05 13:45:18Z INFO ProcessInvokerWrapper]   Keep redirected STDIN open: 'False'
[2026-06-05 13:45:18Z INFO ProcessInvokerWrapper]   High priority process: 'False'
[2026-06-05 13:45:18Z INFO JobServerQueue] Try to append 1 batches web console lines for record '81cfef63-5864-4b8f-81ab-2d47b5ec888c', success rate: 1/1.
[2026-06-05 13:45:20Z INFO ProcessInvokerWrapper] Process started with process id 8544, waiting for process exit.
[2026-06-05 13:45:20Z INFO AddMaskCommandExtension] Add new secret mask with length of 588
[2026-06-05 13:45:20Z INFO JobServerQueue] Try to append 1 batches web console lines for record '81cfef63-5864-4b8f-81ab-2d47b5ec888c', success rate: 1/1.
[2026-06-05 13:45:20Z INFO JobServerQueue] Tried to upload 1 file(s) to results, success rate: 1/1.
[2026-06-05 13:45:21Z INFO JobServerQueue] Try to append 1 batches web console lines for record '81cfef63-5864-4b8f-81ab-2d47b5ec888c', success rate: 1/1.
[2026-06-05 13:45:21Z INFO JobServerQueue] Try to append 1 batches web console lines for record '81cfef63-5864-4b8f-81ab-2d47b5ec888c', success rate: 1/1.
[2026-06-05 13:45:22Z INFO JobServerQueue] Try to append 1 batches web console lines for record '81cfef63-5864-4b8f-81ab-2d47b5ec888c', success rate: 1/1.
[2026-06-05 13:45:23Z INFO JobServerQueue] Try to append 1 batches web console lines for record '81cfef63-5864-4b8f-81ab-2d47b5ec888c', success rate: 1/1.
[2026-06-05 13:45:24Z INFO JobServerQueue] Try to append 1 batches web console lines for record '81cfef63-5864-4b8f-81ab-2d47b5ec888c', success rate: 1/1.
[2026-06-05 13:45:24Z INFO ProcessInvokerWrapper] STDOUT/STDERR stream read finished.
[2026-06-05 13:45:24Z INFO ProcessInvokerWrapper] STDOUT/STDERR stream read finished.
[2026-06-05 13:45:24Z INFO ProcessInvokerWrapper] Finished process 8544 with exit code 0, and elapsed time 00:00:06.2653980.
[2026-06-05 13:45:24Z INFO CreateStepSummaryCommand] Step Summary file (C:\Users\Levi\Desktop\Attachment\SD Seminar\actions-runner\_work\_temp\_runner_file_commands\step_summary_847bd62b-a9da-4c6e-9b86-718a9684b5f2) is empty; skipping attachment upload
[2026-06-05 13:45:24Z INFO StepsRunner] Step result: 
[2026-06-05 13:45:24Z INFO ExecutionContext] Publish step telemetry for current step {
  "action": "actions/checkout",
  "ref": "v4",
  "type": "node20",
  "stage": "Main",
  "stepId": "81cfef63-5864-4b8f-81ab-2d47b5ec888c",
  "stepContextName": "__actions_checkout",
  "hasPreStep": false,
  "hasPostStep": true,
  "result": "succeeded",
  "errorMessages": [],
  "executionTimeInSeconds": 7,
  "startTime": "2026-06-05T13:45:18.4667616Z",
  "finishTime": "2026-06-05T13:45:24.9325834Z"
}.
[2026-06-05 13:45:24Z INFO StepsRunner] No need for updating job result with current step result 'Succeeded'.
[2026-06-05 13:45:24Z INFO StepsRunner] Current state: job state = ''
[2026-06-05 13:45:24Z INFO StepsRunner] Processing step: DisplayName='Setup PowerShell'
[2026-06-05 13:45:24Z INFO StepsRunner] Evaluating: success()
[2026-06-05 13:45:24Z INFO StepsRunner] Result: true
[2026-06-05 13:45:24Z INFO StepsRunner] Starting the step.
[2026-06-05 13:45:24Z INFO HostContext] Well known directory 'Bin': 'C:\Users\Levi\Desktop\Attachment\SD Seminar\actions-runner\bin'
[2026-06-05 13:45:24Z INFO HostContext] Well known directory 'Root': 'C:\Users\Levi\Desktop\Attachment\SD Seminar\actions-runner'
[2026-06-05 13:45:24Z INFO HostContext] Well known directory 'Work': 'C:\Users\Levi\Desktop\Attachment\SD Seminar\actions-runner\_work'
[2026-06-05 13:45:24Z INFO StepsRunner] Which2: 'chcp'
[2026-06-05 13:45:24Z INFO StepsRunner] Location: 'C:\Windows\system32\chcp.COM'
[2026-06-05 13:45:24Z INFO ProcessInvokerWrapper] Starting process:
[2026-06-05 13:45:24Z INFO ProcessInvokerWrapper]   File name: 'C:\Windows\system32\chcp.COM'
[2026-06-05 13:45:24Z INFO ProcessInvokerWrapper]   Arguments: '65001'
[2026-06-05 13:45:24Z INFO ProcessInvokerWrapper]   Working directory: 'C:\Users\Levi\Desktop\Attachment\SD Seminar\actions-runner\_work'
[2026-06-05 13:45:24Z INFO ProcessInvokerWrapper]   Require exit code zero: 'False'
[2026-06-05 13:45:24Z INFO ProcessInvokerWrapper]   Encoding web name:  ; code page: ''
[2026-06-05 13:45:24Z INFO ProcessInvokerWrapper]   Force kill process on cancellation: 'False'
[2026-06-05 13:45:24Z INFO ProcessInvokerWrapper]   Redirected STDIN: 'False'
[2026-06-05 13:45:24Z INFO ProcessInvokerWrapper]   Persist current code page: 'True'
[2026-06-05 13:45:24Z INFO ProcessInvokerWrapper]   Keep redirected STDIN open: 'False'
[2026-06-05 13:45:24Z INFO ProcessInvokerWrapper]   High priority process: 'False'
[2026-06-05 13:45:24Z INFO ProcessInvokerWrapper] Process started with process id 4824, waiting for process exit.
[2026-06-05 13:45:24Z INFO ProcessInvokerWrapper] STDOUT/STDERR stream read finished.
[2026-06-05 13:45:24Z INFO ProcessInvokerWrapper] STDOUT/STDERR stream read finished.
[2026-06-05 13:45:24Z INFO ProcessInvokerWrapper] Finished process 4824 with exit code 0, and elapsed time 00:00:00.0095443.
[2026-06-05 13:45:24Z INFO StepsRunner] Successfully returned to code page 65001 (UTF8)
[2026-06-05 13:45:24Z INFO HostContext] Well known directory 'Bin': 'C:\Users\Levi\Desktop\Attachment\SD Seminar\actions-runner\bin'
[2026-06-05 13:45:24Z INFO HostContext] Well known directory 'Root': 'C:\Users\Levi\Desktop\Attachment\SD Seminar\actions-runner'
[2026-06-05 13:45:24Z INFO HostContext] Well known directory 'Work': 'C:\Users\Levi\Desktop\Attachment\SD Seminar\actions-runner\_work'
[2026-06-05 13:45:24Z INFO HostContext] Well known directory 'Temp': 'C:\Users\Levi\Desktop\Attachment\SD Seminar\actions-runner\_work\_temp'
[2026-06-05 13:45:24Z INFO ExecutionContext] Write event payload to C:\Users\Levi\Desktop\Attachment\SD Seminar\actions-runner\_work\_temp\_github_workflow\event.json
[2026-06-05 13:45:24Z INFO HostContext] Well known directory 'Bin': 'C:\Users\Levi\Desktop\Attachment\SD Seminar\actions-runner\bin'
[2026-06-05 13:45:24Z INFO HostContext] Well known directory 'Root': 'C:\Users\Levi\Desktop\Attachment\SD Seminar\actions-runner'
[2026-06-05 13:45:24Z INFO HostContext] Well known directory 'Work': 'C:\Users\Levi\Desktop\Attachment\SD Seminar\actions-runner\_work'
[2026-06-05 13:45:24Z INFO HostContext] Well known directory 'Temp': 'C:\Users\Levi\Desktop\Attachment\SD Seminar\actions-runner\_work\_temp'
[2026-06-05 13:45:24Z INFO ExtensionManager] Getting extensions for interface: 'GitHub.Runner.Worker.IFileCommandExtension'
[2026-06-05 13:45:24Z INFO ExtensionManager] Getting extensions for interface: 'GitHub.Runner.Worker.IActionCommandExtension'
[2026-06-05 13:45:24Z INFO ActionCommandManager] Register action command extension for command internal-set-repo-path
[2026-06-05 13:45:24Z INFO ActionCommandManager] Register action command extension for command set-env
[2026-06-05 13:45:24Z INFO ActionCommandManager] Register action command extension for command set-output
[2026-06-05 13:45:24Z INFO ActionCommandManager] Register action command extension for command save-state
[2026-06-05 13:45:24Z INFO ActionCommandManager] Register action command extension for command add-path
[2026-06-05 13:45:24Z INFO ActionCommandManager] Register action command extension for command add-mask
[2026-06-05 13:45:24Z INFO ActionCommandManager] Register action command extension for command add-matcher
[2026-06-05 13:45:24Z INFO ActionCommandManager] Register action command extension for command remove-matcher
[2026-06-05 13:45:24Z INFO ActionCommandManager] Register action command extension for command warning
[2026-06-05 13:45:24Z INFO ActionCommandManager] Register action command extension for command error
[2026-06-05 13:45:24Z INFO ActionCommandManager] Register action command extension for command notice
[2026-06-05 13:45:24Z INFO ActionCommandManager] Register action command extension for command debug
[2026-06-05 13:45:24Z INFO ActionCommandManager] Register action command extension for command group
[2026-06-05 13:45:24Z INFO ActionCommandManager] Register action command extension for command endgroup
[2026-06-05 13:45:24Z INFO ActionCommandManager] Register action command extension for command echo
[2026-06-05 13:45:24Z INFO ScriptHandler] Which2: 'pwsh'
[2026-06-05 13:45:24Z INFO ScriptHandler] Location: 'C:\Program Files\PowerShell\7\pwsh.EXE'
[2026-06-05 13:45:24Z INFO HostContext] Well known directory 'Bin': 'C:\Users\Levi\Desktop\Attachment\SD Seminar\actions-runner\bin'
[2026-06-05 13:45:24Z INFO HostContext] Well known directory 'Root': 'C:\Users\Levi\Desktop\Attachment\SD Seminar\actions-runner'
[2026-06-05 13:45:24Z INFO HostContext] Well known directory 'Work': 'C:\Users\Levi\Desktop\Attachment\SD Seminar\actions-runner\_work'
[2026-06-05 13:45:24Z INFO HostContext] Well known directory 'Temp': 'C:\Users\Levi\Desktop\Attachment\SD Seminar\actions-runner\_work\_temp'
[2026-06-05 13:45:24Z INFO ScriptHandler] Which2: 'pwsh'
[2026-06-05 13:45:24Z INFO JobServerQueue] Try to append 1 batches web console lines for record '81cfef63-5864-4b8f-81ab-2d47b5ec888c', success rate: 1/1.
[2026-06-05 13:45:24Z INFO JobServerQueue] Try to append 1 batches web console lines for record '2fc509bf-ee1a-4522-99b1-0addb4199ab9', success rate: 1/1.
[2026-06-05 13:45:24Z INFO ScriptHandler] Location: 'C:\Program Files\PowerShell\7\pwsh.EXE'
[2026-06-05 13:45:24Z INFO ProcessInvokerWrapper] Starting process:
[2026-06-05 13:45:24Z INFO ProcessInvokerWrapper]   File name: 'C:\Program Files\PowerShell\7\pwsh.EXE'
[2026-06-05 13:45:24Z INFO ProcessInvokerWrapper]   Arguments: '-command ". 'C:\Users\Levi\Desktop\Attachment\SD Seminar\actions-runner\_work\_temp\696cdc2b-7971-446c-970b-8eb734b3654b.ps1'"'
[2026-06-05 13:45:24Z INFO ProcessInvokerWrapper]   Working directory: 'C:\Users\Levi\Desktop\Attachment\SD Seminar\actions-runner\_work\SD-Seminar\SD-Seminar'
[2026-06-05 13:45:24Z INFO ProcessInvokerWrapper]   Require exit code zero: 'False'
[2026-06-05 13:45:24Z INFO ProcessInvokerWrapper]   Encoding web name:  ; code page: ''
[2026-06-05 13:45:24Z INFO ProcessInvokerWrapper]   Force kill process on cancellation: 'False'
[2026-06-05 13:45:24Z INFO ProcessInvokerWrapper]   Redirected STDIN: 'False'
[2026-06-05 13:45:24Z INFO ProcessInvokerWrapper]   Persist current code page: 'True'
[2026-06-05 13:45:24Z INFO ProcessInvokerWrapper]   Keep redirected STDIN open: 'False'
[2026-06-05 13:45:24Z INFO ProcessInvokerWrapper]   High priority process: 'False'
[2026-06-05 13:45:24Z INFO JobServerQueue] Got a step log file to send to results service.
[2026-06-05 13:45:24Z INFO JobServerQueue] Starting upload of step log file to results service ResultsLog, C:\Users\Levi\Desktop\Attachment\SD Seminar\actions-runner\_diag\blocks\76405bbf-c135-4c1b-a691-858f1084b92b_81cfef63-5864-4b8f-81ab-2d47b5ec888c.1
[2026-06-05 13:45:24Z INFO ProcessInvokerWrapper] Process started with process id 9384, waiting for process exit.
[2026-06-05 13:45:25Z INFO JobServerQueue] Try to upload 1 log files or attachments, success rate: 1/1.
[2026-06-05 13:45:25Z INFO JobServerQueue] Try to append 1 batches web console lines for record '2fc509bf-ee1a-4522-99b1-0addb4199ab9', success rate: 1/1.
[2026-06-05 13:45:25Z INFO ProcessInvokerWrapper] STDOUT/STDERR stream read finished.
[2026-06-05 13:45:25Z INFO ProcessInvokerWrapper] STDOUT/STDERR stream read finished.
[2026-06-05 13:45:25Z INFO ProcessInvokerWrapper] Finished process 9384 with exit code 0, and elapsed time 00:00:00.8425408.
[2026-06-05 13:45:25Z INFO CreateStepSummaryCommand] Step Summary file (C:\Users\Levi\Desktop\Attachment\SD Seminar\actions-runner\_work\_temp\_runner_file_commands\step_summary_28afe742-f120-4608-bef4-ccbbaaf1fe1e) is empty; skipping attachment upload
[2026-06-05 13:45:25Z INFO StepsRunner] Step result: 
[2026-06-05 13:45:25Z INFO ExecutionContext] Publish step telemetry for current step {
  "action": "pwsh",
  "type": "run",
  "stage": "Main",
  "stepId": "2fc509bf-ee1a-4522-99b1-0addb4199ab9",
  "stepContextName": "__run",
  "result": "succeeded",
  "errorMessages": [],
  "executionTimeInSeconds": 1,
  "startTime": "2026-06-05T13:45:24.9340485Z",
  "finishTime": "2026-06-05T13:45:25.8169317Z"
}.
[2026-06-05 13:45:25Z INFO StepsRunner] No need for updating job result with current step result 'Succeeded'.
[2026-06-05 13:45:25Z INFO StepsRunner] Current state: job state = ''
[2026-06-05 13:45:25Z INFO StepsRunner] Processing step: DisplayName='Install BcContainerHelper'
[2026-06-05 13:45:25Z INFO StepsRunner] Evaluating: success()
[2026-06-05 13:45:25Z INFO StepsRunner] Result: true
[2026-06-05 13:45:25Z INFO StepsRunner] Starting the step.
[2026-06-05 13:45:25Z INFO HostContext] Well known directory 'Bin': 'C:\Users\Levi\Desktop\Attachment\SD Seminar\actions-runner\bin'
[2026-06-05 13:45:25Z INFO HostContext] Well known directory 'Root': 'C:\Users\Levi\Desktop\Attachment\SD Seminar\actions-runner'
[2026-06-05 13:45:25Z INFO HostContext] Well known directory 'Work': 'C:\Users\Levi\Desktop\Attachment\SD Seminar\actions-runner\_work'
[2026-06-05 13:45:25Z INFO StepsRunner] Which2: 'chcp'
[2026-06-05 13:45:25Z INFO StepsRunner] Location: 'C:\Windows\system32\chcp.COM'
[2026-06-05 13:45:25Z INFO ProcessInvokerWrapper] Starting process:
[2026-06-05 13:45:25Z INFO ProcessInvokerWrapper]   File name: 'C:\Windows\system32\chcp.COM'
[2026-06-05 13:45:25Z INFO ProcessInvokerWrapper]   Arguments: '65001'
[2026-06-05 13:45:25Z INFO ProcessInvokerWrapper]   Working directory: 'C:\Users\Levi\Desktop\Attachment\SD Seminar\actions-runner\_work'
[2026-06-05 13:45:25Z INFO ProcessInvokerWrapper]   Require exit code zero: 'False'
[2026-06-05 13:45:25Z INFO ProcessInvokerWrapper]   Encoding web name:  ; code page: ''
[2026-06-05 13:45:25Z INFO ProcessInvokerWrapper]   Force kill process on cancellation: 'False'
[2026-06-05 13:45:25Z INFO ProcessInvokerWrapper]   Redirected STDIN: 'False'
[2026-06-05 13:45:25Z INFO ProcessInvokerWrapper]   Persist current code page: 'True'
[2026-06-05 13:45:25Z INFO ProcessInvokerWrapper]   Keep redirected STDIN open: 'False'
[2026-06-05 13:45:25Z INFO ProcessInvokerWrapper]   High priority process: 'False'
[2026-06-05 13:45:25Z INFO ProcessInvokerWrapper] Process started with process id 8700, waiting for process exit.
[2026-06-05 13:45:25Z INFO ProcessInvokerWrapper] STDOUT/STDERR stream read finished.
[2026-06-05 13:45:25Z INFO ProcessInvokerWrapper] STDOUT/STDERR stream read finished.
[2026-06-05 13:45:25Z INFO ProcessInvokerWrapper] Finished process 8700 with exit code 0, and elapsed time 00:00:00.0109404.
[2026-06-05 13:45:25Z INFO StepsRunner] Successfully returned to code page 65001 (UTF8)
[2026-06-05 13:45:25Z INFO HostContext] Well known directory 'Bin': 'C:\Users\Levi\Desktop\Attachment\SD Seminar\actions-runner\bin'
[2026-06-05 13:45:25Z INFO HostContext] Well known directory 'Root': 'C:\Users\Levi\Desktop\Attachment\SD Seminar\actions-runner'
[2026-06-05 13:45:25Z INFO HostContext] Well known directory 'Work': 'C:\Users\Levi\Desktop\Attachment\SD Seminar\actions-runner\_work'
[2026-06-05 13:45:25Z INFO HostContext] Well known directory 'Temp': 'C:\Users\Levi\Desktop\Attachment\SD Seminar\actions-runner\_work\_temp'
[2026-06-05 13:45:25Z INFO ExecutionContext] Write event payload to C:\Users\Levi\Desktop\Attachment\SD Seminar\actions-runner\_work\_temp\_github_workflow\event.json
[2026-06-05 13:45:25Z INFO HostContext] Well known directory 'Bin': 'C:\Users\Levi\Desktop\Attachment\SD Seminar\actions-runner\bin'
[2026-06-05 13:45:25Z INFO HostContext] Well known directory 'Root': 'C:\Users\Levi\Desktop\Attachment\SD Seminar\actions-runner'
[2026-06-05 13:45:25Z INFO HostContext] Well known directory 'Work': 'C:\Users\Levi\Desktop\Attachment\SD Seminar\actions-runner\_work'
[2026-06-05 13:45:25Z INFO HostContext] Well known directory 'Temp': 'C:\Users\Levi\Desktop\Attachment\SD Seminar\actions-runner\_work\_temp'
[2026-06-05 13:45:25Z INFO ExtensionManager] Getting extensions for interface: 'GitHub.Runner.Worker.IFileCommandExtension'
[2026-06-05 13:45:25Z INFO ExtensionManager] Getting extensions for interface: 'GitHub.Runner.Worker.IActionCommandExtension'
[2026-06-05 13:45:25Z INFO ActionCommandManager] Register action command extension for command internal-set-repo-path
[2026-06-05 13:45:25Z INFO ActionCommandManager] Register action command extension for command set-env
[2026-06-05 13:45:25Z INFO ActionCommandManager] Register action command extension for command set-output
[2026-06-05 13:45:25Z INFO ActionCommandManager] Register action command extension for command save-state
[2026-06-05 13:45:25Z INFO ActionCommandManager] Register action command extension for command add-path
[2026-06-05 13:45:25Z INFO ActionCommandManager] Register action command extension for command add-mask
[2026-06-05 13:45:25Z INFO ActionCommandManager] Register action command extension for command add-matcher
[2026-06-05 13:45:25Z INFO ActionCommandManager] Register action command extension for command remove-matcher
[2026-06-05 13:45:25Z INFO ActionCommandManager] Register action command extension for command warning
[2026-06-05 13:45:25Z INFO ActionCommandManager] Register action command extension for command error
[2026-06-05 13:45:25Z INFO ActionCommandManager] Register action command extension for command notice
[2026-06-05 13:45:25Z INFO ActionCommandManager] Register action command extension for command debug
[2026-06-05 13:45:25Z INFO ActionCommandManager] Register action command extension for command group
[2026-06-05 13:45:25Z INFO ActionCommandManager] Register action command extension for command endgroup
[2026-06-05 13:45:25Z INFO ActionCommandManager] Register action command extension for command echo
[2026-06-05 13:45:25Z INFO ScriptHandler] Which2: 'pwsh'
[2026-06-05 13:45:25Z INFO ScriptHandler] Location: 'C:\Program Files\PowerShell\7\pwsh.EXE'
[2026-06-05 13:45:25Z INFO HostContext] Well known directory 'Bin': 'C:\Users\Levi\Desktop\Attachment\SD Seminar\actions-runner\bin'
[2026-06-05 13:45:25Z INFO HostContext] Well known directory 'Root': 'C:\Users\Levi\Desktop\Attachment\SD Seminar\actions-runner'
[2026-06-05 13:45:25Z INFO HostContext] Well known directory 'Work': 'C:\Users\Levi\Desktop\Attachment\SD Seminar\actions-runner\_work'
[2026-06-05 13:45:25Z INFO HostContext] Well known directory 'Temp': 'C:\Users\Levi\Desktop\Attachment\SD Seminar\actions-runner\_work\_temp'
[2026-06-05 13:45:25Z INFO ScriptHandler] Which2: 'pwsh'
[2026-06-05 13:45:25Z INFO ScriptHandler] Location: 'C:\Program Files\PowerShell\7\pwsh.EXE'
[2026-06-05 13:45:25Z INFO ProcessInvokerWrapper] Starting process:
[2026-06-05 13:45:25Z INFO ProcessInvokerWrapper]   File name: 'C:\Program Files\PowerShell\7\pwsh.EXE'
[2026-06-05 13:45:25Z INFO ProcessInvokerWrapper]   Arguments: '-command ". 'C:\Users\Levi\Desktop\Attachment\SD Seminar\actions-runner\_work\_temp\17616dad-5516-46d0-8974-8479a738f66e.ps1'"'
[2026-06-05 13:45:25Z INFO ProcessInvokerWrapper]   Working directory: 'C:\Users\Levi\Desktop\Attachment\SD Seminar\actions-runner\_work\SD-Seminar\SD-Seminar'
[2026-06-05 13:45:25Z INFO ProcessInvokerWrapper]   Require exit code zero: 'False'
[2026-06-05 13:45:25Z INFO ProcessInvokerWrapper]   Encoding web name:  ; code page: ''
[2026-06-05 13:45:25Z INFO ProcessInvokerWrapper]   Force kill process on cancellation: 'False'
[2026-06-05 13:45:25Z INFO ProcessInvokerWrapper]   Redirected STDIN: 'False'
[2026-06-05 13:45:25Z INFO ProcessInvokerWrapper]   Persist current code page: 'True'
[2026-06-05 13:45:25Z INFO ProcessInvokerWrapper]   Keep redirected STDIN open: 'False'
[2026-06-05 13:45:25Z INFO ProcessInvokerWrapper]   High priority process: 'False'
[2026-06-05 13:45:25Z INFO ProcessInvokerWrapper] Process started with process id 2884, waiting for process exit.
[2026-06-05 13:45:25Z INFO JobServerQueue] Tried to upload 1 file(s) to results, success rate: 1/1.
[2026-06-05 13:45:26Z INFO JobServerQueue] Try to append 1 batches web console lines for record '486d8fb8-923b-4136-963c-f8694d2f6b1d', success rate: 1/1.
[2026-06-05 13:45:26Z INFO JobServerQueue] Try to upload 1 log files or attachments, success rate: 1/1.
[2026-06-05 13:45:26Z INFO JobServerQueue] Got a step log file to send to results service.
[2026-06-05 13:45:26Z INFO JobServerQueue] Starting upload of step log file to results service ResultsLog, C:\Users\Levi\Desktop\Attachment\SD Seminar\actions-runner\_diag\blocks\76405bbf-c135-4c1b-a691-858f1084b92b_2fc509bf-ee1a-4522-99b1-0addb4199ab9.1
[2026-06-05 13:45:28Z INFO JobServerQueue] Tried to upload 1 file(s) to results, success rate: 1/1.
[2026-06-05 13:45:28Z INFO HostContext] Well known directory 'Bin': 'C:\Users\Levi\Desktop\Attachment\SD Seminar\actions-runner\bin'
[2026-06-05 13:45:28Z INFO HostContext] Well known directory 'Root': 'C:\Users\Levi\Desktop\Attachment\SD Seminar\actions-runner'
[2026-06-05 13:45:28Z INFO HostContext] Well known directory 'Work': 'C:\Users\Levi\Desktop\Attachment\SD Seminar\actions-runner\_work'
[2026-06-05 13:45:38Z INFO HostContext] Well known directory 'Bin': 'C:\Users\Levi\Desktop\Attachment\SD Seminar\actions-runner\bin'
[2026-06-05 13:45:38Z INFO HostContext] Well known directory 'Root': 'C:\Users\Levi\Desktop\Attachment\SD Seminar\actions-runner'
[2026-06-05 13:45:38Z INFO HostContext] Well known directory 'Work': 'C:\Users\Levi\Desktop\Attachment\SD Seminar\actions-runner\_work'
[2026-06-05 13:45:48Z INFO HostContext] Well known directory 'Bin': 'C:\Users\Levi\Desktop\Attachment\SD Seminar\actions-runner\bin'
[2026-06-05 13:45:48Z INFO HostContext] Well known directory 'Root': 'C:\Users\Levi\Desktop\Attachment\SD Seminar\actions-runner'
[2026-06-05 13:45:48Z INFO HostContext] Well known directory 'Work': 'C:\Users\Levi\Desktop\Attachment\SD Seminar\actions-runner\_work'
[2026-06-05 13:45:58Z INFO HostContext] Well known directory 'Bin': 'C:\Users\Levi\Desktop\Attachment\SD Seminar\actions-runner\bin'
[2026-06-05 13:45:58Z INFO HostContext] Well known directory 'Root': 'C:\Users\Levi\Desktop\Attachment\SD Seminar\actions-runner'
[2026-06-05 13:45:58Z INFO HostContext] Well known directory 'Work': 'C:\Users\Levi\Desktop\Attachment\SD Seminar\actions-runner\_work'
[2026-06-05 13:46:02Z INFO ProcessInvokerWrapper] STDOUT/STDERR stream read finished.
[2026-06-05 13:46:02Z INFO ProcessInvokerWrapper] STDOUT/STDERR stream read finished.
[2026-06-05 13:46:02Z INFO ProcessInvokerWrapper] Finished process 2884 with exit code 0, and elapsed time 00:00:36.9380694.
[2026-06-05 13:46:02Z INFO CreateStepSummaryCommand] Step Summary file (C:\Users\Levi\Desktop\Attachment\SD Seminar\actions-runner\_work\_temp\_runner_file_commands\step_summary_c65a135b-ac6f-4325-b1c4-2641f4377eb1) is empty; skipping attachment upload
[2026-06-05 13:46:02Z INFO StepsRunner] Step result: 
[2026-06-05 13:46:02Z INFO ExecutionContext] Publish step telemetry for current step {
  "action": "pwsh",
  "type": "run",
  "stage": "Main",
  "stepId": "486d8fb8-923b-4136-963c-f8694d2f6b1d",
  "stepContextName": "__run_2",
  "result": "succeeded",
  "errorMessages": [],
  "executionTimeInSeconds": 37,
  "startTime": "2026-06-05T13:45:25.8184391Z",
  "finishTime": "2026-06-05T13:46:02.7903079Z"
}.
[2026-06-05 13:46:02Z INFO StepsRunner] No need for updating job result with current step result 'Succeeded'.
[2026-06-05 13:46:02Z INFO StepsRunner] Current state: job state = ''
[2026-06-05 13:46:02Z INFO StepsRunner] Processing step: DisplayName='Compile AL project'
[2026-06-05 13:46:02Z INFO StepsRunner] Evaluating: success()
[2026-06-05 13:46:02Z INFO StepsRunner] Result: true
[2026-06-05 13:46:02Z INFO StepsRunner] Starting the step.
[2026-06-05 13:46:02Z INFO HostContext] Well known directory 'Bin': 'C:\Users\Levi\Desktop\Attachment\SD Seminar\actions-runner\bin'
[2026-06-05 13:46:02Z INFO HostContext] Well known directory 'Root': 'C:\Users\Levi\Desktop\Attachment\SD Seminar\actions-runner'
[2026-06-05 13:46:02Z INFO HostContext] Well known directory 'Work': 'C:\Users\Levi\Desktop\Attachment\SD Seminar\actions-runner\_work'
[2026-06-05 13:46:02Z INFO StepsRunner] Which2: 'chcp'
[2026-06-05 13:46:02Z INFO StepsRunner] Location: 'C:\Windows\system32\chcp.COM'
[2026-06-05 13:46:02Z INFO ProcessInvokerWrapper] Starting process:
[2026-06-05 13:46:02Z INFO ProcessInvokerWrapper]   File name: 'C:\Windows\system32\chcp.COM'
[2026-06-05 13:46:02Z INFO ProcessInvokerWrapper]   Arguments: '65001'
[2026-06-05 13:46:02Z INFO ProcessInvokerWrapper]   Working directory: 'C:\Users\Levi\Desktop\Attachment\SD Seminar\actions-runner\_work'
[2026-06-05 13:46:02Z INFO ProcessInvokerWrapper]   Require exit code zero: 'False'
[2026-06-05 13:46:02Z INFO ProcessInvokerWrapper]   Encoding web name:  ; code page: ''
[2026-06-05 13:46:02Z INFO ProcessInvokerWrapper]   Force kill process on cancellation: 'False'
[2026-06-05 13:46:02Z INFO ProcessInvokerWrapper]   Redirected STDIN: 'False'
[2026-06-05 13:46:02Z INFO ProcessInvokerWrapper]   Persist current code page: 'True'
[2026-06-05 13:46:02Z INFO ProcessInvokerWrapper]   Keep redirected STDIN open: 'False'
[2026-06-05 13:46:02Z INFO ProcessInvokerWrapper]   High priority process: 'False'
[2026-06-05 13:46:02Z INFO ProcessInvokerWrapper] Process started with process id 1076, waiting for process exit.
[2026-06-05 13:46:02Z INFO ProcessInvokerWrapper] STDOUT/STDERR stream read finished.
[2026-06-05 13:46:02Z INFO ProcessInvokerWrapper] STDOUT/STDERR stream read finished.
[2026-06-05 13:46:02Z INFO ProcessInvokerWrapper] Finished process 1076 with exit code 0, and elapsed time 00:00:00.0127899.
[2026-06-05 13:46:02Z INFO StepsRunner] Successfully returned to code page 65001 (UTF8)
[2026-06-05 13:46:02Z INFO HostContext] Well known directory 'Bin': 'C:\Users\Levi\Desktop\Attachment\SD Seminar\actions-runner\bin'
[2026-06-05 13:46:02Z INFO HostContext] Well known directory 'Root': 'C:\Users\Levi\Desktop\Attachment\SD Seminar\actions-runner'
[2026-06-05 13:46:02Z INFO HostContext] Well known directory 'Work': 'C:\Users\Levi\Desktop\Attachment\SD Seminar\actions-runner\_work'
[2026-06-05 13:46:02Z INFO HostContext] Well known directory 'Temp': 'C:\Users\Levi\Desktop\Attachment\SD Seminar\actions-runner\_work\_temp'
[2026-06-05 13:46:02Z INFO ExecutionContext] Write event payload to C:\Users\Levi\Desktop\Attachment\SD Seminar\actions-runner\_work\_temp\_github_workflow\event.json
[2026-06-05 13:46:02Z INFO HostContext] Well known directory 'Bin': 'C:\Users\Levi\Desktop\Attachment\SD Seminar\actions-runner\bin'
[2026-06-05 13:46:02Z INFO HostContext] Well known directory 'Root': 'C:\Users\Levi\Desktop\Attachment\SD Seminar\actions-runner'
[2026-06-05 13:46:02Z INFO HostContext] Well known directory 'Work': 'C:\Users\Levi\Desktop\Attachment\SD Seminar\actions-runner\_work'
[2026-06-05 13:46:02Z INFO HostContext] Well known directory 'Temp': 'C:\Users\Levi\Desktop\Attachment\SD Seminar\actions-runner\_work\_temp'
[2026-06-05 13:46:02Z INFO ExtensionManager] Getting extensions for interface: 'GitHub.Runner.Worker.IFileCommandExtension'
[2026-06-05 13:46:02Z INFO ExtensionManager] Getting extensions for interface: 'GitHub.Runner.Worker.IActionCommandExtension'
[2026-06-05 13:46:02Z INFO ActionCommandManager] Register action command extension for command internal-set-repo-path
[2026-06-05 13:46:02Z INFO ActionCommandManager] Register action command extension for command set-env
[2026-06-05 13:46:02Z INFO ActionCommandManager] Register action command extension for command set-output
[2026-06-05 13:46:02Z INFO ActionCommandManager] Register action command extension for command save-state
[2026-06-05 13:46:02Z INFO ActionCommandManager] Register action command extension for command add-path
[2026-06-05 13:46:02Z INFO ActionCommandManager] Register action command extension for command add-mask
[2026-06-05 13:46:02Z INFO ActionCommandManager] Register action command extension for command add-matcher
[2026-06-05 13:46:02Z INFO ActionCommandManager] Register action command extension for command remove-matcher
[2026-06-05 13:46:02Z INFO ActionCommandManager] Register action command extension for command warning
[2026-06-05 13:46:02Z INFO ActionCommandManager] Register action command extension for command error
[2026-06-05 13:46:02Z INFO ActionCommandManager] Register action command extension for command notice
[2026-06-05 13:46:02Z INFO ActionCommandManager] Register action command extension for command debug
[2026-06-05 13:46:02Z INFO ActionCommandManager] Register action command extension for command group
[2026-06-05 13:46:02Z INFO ActionCommandManager] Register action command extension for command endgroup
[2026-06-05 13:46:02Z INFO ActionCommandManager] Register action command extension for command echo
[2026-06-05 13:46:02Z INFO ScriptHandler] Which2: 'pwsh'
[2026-06-05 13:46:02Z INFO ScriptHandler] Location: 'C:\Program Files\PowerShell\7\pwsh.EXE'
[2026-06-05 13:46:02Z INFO HostContext] Well known directory 'Bin': 'C:\Users\Levi\Desktop\Attachment\SD Seminar\actions-runner\bin'
[2026-06-05 13:46:02Z INFO HostContext] Well known directory 'Root': 'C:\Users\Levi\Desktop\Attachment\SD Seminar\actions-runner'
[2026-06-05 13:46:02Z INFO HostContext] Well known directory 'Work': 'C:\Users\Levi\Desktop\Attachment\SD Seminar\actions-runner\_work'
[2026-06-05 13:46:02Z INFO HostContext] Well known directory 'Temp': 'C:\Users\Levi\Desktop\Attachment\SD Seminar\actions-runner\_work\_temp'
[2026-06-05 13:46:02Z INFO ScriptHandler] Which2: 'pwsh'
[2026-06-05 13:46:02Z INFO ScriptHandler] Location: 'C:\Program Files\PowerShell\7\pwsh.EXE'
[2026-06-05 13:46:02Z INFO ProcessInvokerWrapper] Starting process:
[2026-06-05 13:46:02Z INFO ProcessInvokerWrapper]   File name: 'C:\Program Files\PowerShell\7\pwsh.EXE'
[2026-06-05 13:46:02Z INFO ProcessInvokerWrapper]   Arguments: '-command ". 'C:\Users\Levi\Desktop\Attachment\SD Seminar\actions-runner\_work\_temp\d1742e6a-411d-460d-8385-b2372e809bb6.ps1'"'
[2026-06-05 13:46:02Z INFO ProcessInvokerWrapper]   Working directory: 'C:\Users\Levi\Desktop\Attachment\SD Seminar\actions-runner\_work\SD-Seminar\SD-Seminar'
[2026-06-05 13:46:02Z INFO ProcessInvokerWrapper]   Require exit code zero: 'False'
[2026-06-05 13:46:02Z INFO ProcessInvokerWrapper]   Encoding web name:  ; code page: ''
[2026-06-05 13:46:02Z INFO ProcessInvokerWrapper]   Force kill process on cancellation: 'False'
[2026-06-05 13:46:02Z INFO ProcessInvokerWrapper]   Redirected STDIN: 'False'
[2026-06-05 13:46:02Z INFO ProcessInvokerWrapper]   Persist current code page: 'True'
[2026-06-05 13:46:02Z INFO ProcessInvokerWrapper]   Keep redirected STDIN open: 'False'
[2026-06-05 13:46:02Z INFO ProcessInvokerWrapper]   High priority process: 'False'
[2026-06-05 13:46:02Z INFO ProcessInvokerWrapper] Process started with process id 4596, waiting for process exit.
[2026-06-05 13:46:02Z INFO JobServerQueue] Try to append 1 batches web console lines for record 'a201c0ee-11d9-48c9-ba2b-32f0b358e239', success rate: 1/1.
[2026-06-05 13:46:03Z INFO JobServerQueue] Try to upload 1 log files or attachments, success rate: 1/1.
[2026-06-05 13:46:03Z INFO JobServerQueue] Got a step log file to send to results service.
[2026-06-05 13:46:03Z INFO JobServerQueue] Starting upload of step log file to results service ResultsLog, C:\Users\Levi\Desktop\Attachment\SD Seminar\actions-runner\_diag\blocks\76405bbf-c135-4c1b-a691-858f1084b92b_486d8fb8-923b-4136-963c-f8694d2f6b1d.1
[2026-06-05 13:46:03Z INFO JobServerQueue] Try to append 1 batches web console lines for record 'a201c0ee-11d9-48c9-ba2b-32f0b358e239', success rate: 1/1.
[2026-06-05 13:46:03Z INFO JobServerQueue] Try to append 1 batches web console lines for record 'a201c0ee-11d9-48c9-ba2b-32f0b358e239', success rate: 1/1.
[2026-06-05 13:46:04Z INFO JobServerQueue] Tried to upload 1 file(s) to results, success rate: 1/1.
[2026-06-05 13:46:04Z INFO JobServerQueue] Try to append 1 batches web console lines for record 'a201c0ee-11d9-48c9-ba2b-32f0b358e239', success rate: 1/1.
[2026-06-05 13:46:05Z INFO JobServerQueue] Try to append 1 batches web console lines for record 'a201c0ee-11d9-48c9-ba2b-32f0b358e239', success rate: 1/1.
[2026-06-05 13:46:05Z INFO JobServerQueue] Try to append 1 batches web console lines for record 'a201c0ee-11d9-48c9-ba2b-32f0b358e239', success rate: 1/1.
[2026-06-05 13:46:08Z INFO HostContext] Well known directory 'Bin': 'C:\Users\Levi\Desktop\Attachment\SD Seminar\actions-runner\bin'
[2026-06-05 13:46:08Z INFO HostContext] Well known directory 'Root': 'C:\Users\Levi\Desktop\Attachment\SD Seminar\actions-runner'
[2026-06-05 13:46:08Z INFO HostContext] Well known directory 'Work': 'C:\Users\Levi\Desktop\Attachment\SD Seminar\actions-runner\_work'
[2026-06-05 13:46:14Z INFO JobServerQueue] Stop aggressive process web console line queue.
[2026-06-05 13:46:18Z INFO ProcessInvokerWrapper] STDOUT/STDERR stream read finished.
[2026-06-05 13:46:18Z INFO ProcessInvokerWrapper] STDOUT/STDERR stream read finished.
[2026-06-05 13:46:18Z INFO JobServerQueue] Try to append 1 batches web console lines for record 'a201c0ee-11d9-48c9-ba2b-32f0b358e239', success rate: 1/1.
[2026-06-05 13:46:18Z INFO ProcessInvokerWrapper] Finished process 4596 with exit code 1, and elapsed time 00:00:15.6440625.
[2026-06-05 13:46:18Z INFO HostContext] Well known directory 'Bin': 'C:\Users\Levi\Desktop\Attachment\SD Seminar\actions-runner\bin'
[2026-06-05 13:46:18Z INFO HostContext] Well known directory 'Root': 'C:\Users\Levi\Desktop\Attachment\SD Seminar\actions-runner'
[2026-06-05 13:46:18Z INFO HostContext] Well known directory 'Work': 'C:\Users\Levi\Desktop\Attachment\SD Seminar\actions-runner\_work'
[2026-06-05 13:46:18Z INFO CreateStepSummaryCommand] Step Summary file (C:\Users\Levi\Desktop\Attachment\SD Seminar\actions-runner\_work\_temp\_runner_file_commands\step_summary_9793370c-5596-4088-9b73-b4bb4c4c8597) is empty; skipping attachment upload
[2026-06-05 13:46:18Z INFO StepsRunner] Step result: Failed
[2026-06-05 13:46:18Z INFO ExecutionContext] Publish step telemetry for current step {
  "action": "pwsh",
  "type": "run",
  "stage": "Main",
  "stepId": "a201c0ee-11d9-48c9-ba2b-32f0b358e239",
  "stepContextName": "__run_3",
  "result": "failed",
  "errorMessages": [
    "Process completed with exit code 1."
  ],
  "executionTimeInSeconds": 16,
  "startTime": "2026-06-05T13:46:02.7917625Z",
  "finishTime": "2026-06-05T13:46:18.4709495Z"
}.
[2026-06-05 13:46:18Z INFO StepsRunner] Update job result with current step result 'Failed'.
[2026-06-05 13:46:18Z INFO StepsRunner] Current state: job state = 'Failed'
[2026-06-05 13:46:18Z INFO StepsRunner] Processing step: DisplayName='Upload artifact (.app file)'
[2026-06-05 13:46:18Z INFO StepsRunner] Evaluating: success()
[2026-06-05 13:46:18Z INFO StepsRunner] Result: false
[2026-06-05 13:46:18Z INFO StepsRunner] Skipping step due to condition evaluation.
[2026-06-05 13:46:18Z INFO StepsRunner] No need for updating job result with current step result 'Skipped'.
[2026-06-05 13:46:18Z INFO StepsRunner] Current state: job state = 'Failed'
[2026-06-05 13:46:18Z INFO StepsRunner] Processing step: DisplayName='Post Checkout repository'
[2026-06-05 13:46:18Z INFO StepsRunner] Evaluating: always()
[2026-06-05 13:46:18Z INFO StepsRunner] Result: true
[2026-06-05 13:46:18Z INFO StepsRunner] Starting the step.
[2026-06-05 13:46:18Z INFO HostContext] Well known directory 'Bin': 'C:\Users\Levi\Desktop\Attachment\SD Seminar\actions-runner\bin'
[2026-06-05 13:46:18Z INFO HostContext] Well known directory 'Root': 'C:\Users\Levi\Desktop\Attachment\SD Seminar\actions-runner'
[2026-06-05 13:46:18Z INFO HostContext] Well known directory 'Work': 'C:\Users\Levi\Desktop\Attachment\SD Seminar\actions-runner\_work'
[2026-06-05 13:46:18Z INFO StepsRunner] Which2: 'chcp'
[2026-06-05 13:46:18Z INFO StepsRunner] Location: 'C:\Windows\system32\chcp.COM'
[2026-06-05 13:46:18Z INFO ProcessInvokerWrapper] Starting process:
[2026-06-05 13:46:18Z INFO ProcessInvokerWrapper]   File name: 'C:\Windows\system32\chcp.COM'
[2026-06-05 13:46:18Z INFO ProcessInvokerWrapper]   Arguments: '65001'
[2026-06-05 13:46:18Z INFO ProcessInvokerWrapper]   Working directory: 'C:\Users\Levi\Desktop\Attachment\SD Seminar\actions-runner\_work'
[2026-06-05 13:46:18Z INFO ProcessInvokerWrapper]   Require exit code zero: 'False'
[2026-06-05 13:46:18Z INFO ProcessInvokerWrapper]   Encoding web name:  ; code page: ''
[2026-06-05 13:46:18Z INFO ProcessInvokerWrapper]   Force kill process on cancellation: 'False'
[2026-06-05 13:46:18Z INFO ProcessInvokerWrapper]   Redirected STDIN: 'False'
[2026-06-05 13:46:18Z INFO ProcessInvokerWrapper]   Persist current code page: 'True'
[2026-06-05 13:46:18Z INFO ProcessInvokerWrapper]   Keep redirected STDIN open: 'False'
[2026-06-05 13:46:18Z INFO ProcessInvokerWrapper]   High priority process: 'False'
[2026-06-05 13:46:18Z INFO ProcessInvokerWrapper] Process started with process id 10428, waiting for process exit.
[2026-06-05 13:46:18Z INFO ProcessInvokerWrapper] STDOUT/STDERR stream read finished.
[2026-06-05 13:46:18Z INFO ProcessInvokerWrapper] STDOUT/STDERR stream read finished.
[2026-06-05 13:46:18Z INFO ProcessInvokerWrapper] Finished process 10428 with exit code 0, and elapsed time 00:00:00.0111878.
[2026-06-05 13:46:18Z INFO StepsRunner] Successfully returned to code page 65001 (UTF8)
[2026-06-05 13:46:18Z INFO HostContext] Well known directory 'Bin': 'C:\Users\Levi\Desktop\Attachment\SD Seminar\actions-runner\bin'
[2026-06-05 13:46:18Z INFO HostContext] Well known directory 'Root': 'C:\Users\Levi\Desktop\Attachment\SD Seminar\actions-runner'
[2026-06-05 13:46:18Z INFO HostContext] Well known directory 'Work': 'C:\Users\Levi\Desktop\Attachment\SD Seminar\actions-runner\_work'
[2026-06-05 13:46:18Z INFO HostContext] Well known directory 'Actions': 'C:\Users\Levi\Desktop\Attachment\SD Seminar\actions-runner\_work\_actions'
[2026-06-05 13:46:18Z INFO ActionManager] Load action that reference repository from 'C:\Users\Levi\Desktop\Attachment\SD Seminar\actions-runner\_work\_actions\actions\checkout\v4'
[2026-06-05 13:46:18Z INFO HostContext] Well known directory 'Bin': 'C:\Users\Levi\Desktop\Attachment\SD Seminar\actions-runner\bin'
[2026-06-05 13:46:18Z INFO HostContext] Well known directory 'Root': 'C:\Users\Levi\Desktop\Attachment\SD Seminar\actions-runner'
[2026-06-05 13:46:18Z INFO HostContext] Well known directory 'Work': 'C:\Users\Levi\Desktop\Attachment\SD Seminar\actions-runner\_work'
[2026-06-05 13:46:18Z INFO HostContext] Well known directory 'Actions': 'C:\Users\Levi\Desktop\Attachment\SD Seminar\actions-runner\_work\_actions'
[2026-06-05 13:46:18Z INFO ActionManifestManagerLegacy] Loaded action.yml file: {
  "name": "Checkout",
  "description": "Checkout a Git repository at a particular version",
  "inputs": {
    "type": 2,
    "map": [
      {
        "key": {
          "type": 0,
          "file": 2,
          "line": 4,
          "col": 3,
          "lit": "repository"
        },
        "value": {
          "type": 3,
          "file": 2,
          "line": 6,
          "col": 14,
          "expr": "github.repository"
        }
      },
      {
        "key": {
          "type": 0,
          "file": 2,
          "line": 7,
          "col": 3,
          "lit": "ref"
        },
        "value": ""
      },
      {
        "key": {
          "type": 0,
          "file": 2,
          "line": 12,
          "col": 3,
          "lit": "token"
        },
        "value": {
          "type": 3,
          "file": 2,
          "line": 24,
          "col": 14,
          "expr": "github.token"
        }
      },
      {
        "key": {
          "type": 0,
          "file": 2,
          "line": 25,
          "col": 3,
          "lit": "ssh-key"
        },
        "value": ""
      },
      {
        "key": {
          "type": 0,
          "file": 2,
          "line": 37,
          "col": 3,
          "lit": "ssh-known-hosts"
        },
        "value": ""
      },
      {
        "key": {
          "type": 0,
          "file": 2,
          "line": 42,
          "col": 3,
          "lit": "ssh-strict"
        },
        "value": {
          "type": 0,
          "file": 2,
          "line": 47,
          "col": 14,
          "lit": "true"
        }
      },
      {
        "key": {
          "type": 0,
          "file": 2,
          "line": 48,
          "col": 3,
          "lit": "ssh-user"
        },
        "value": {
          "type": 0,
          "file": 2,
          "line": 51,
          "col": 14,
          "lit": "git"
        }
      },
      {
        "key": {
          "type": 0,
          "file": 2,
          "line": 52,
          "col": 3,
          "lit": "persist-credentials"
        },
        "value": {
          "type": 0,
          "file": 2,
          "line": 54,
          "col": 14,
          "lit": "true"
        }
      },
      {
        "key": {
          "type": 0,
          "file": 2,
          "line": 55,
          "col": 3,
          "lit": "path"
        },
        "value": ""
      },
      {
        "key": {
          "type": 0,
          "file": 2,
          "line": 57,
          "col": 3,
          "lit": "clean"
        },
        "value": {
          "type": 0,
          "file": 2,
          "line": 59,
          "col": 14,
          "lit": "true"
        }
      },
      {
        "key": {
          "type": 0,
          "file": 2,
          "line": 60,
          "col": 3,
          "lit": "filter"
        },
        "value": {
          "type": 0,
          "file": 2,
          "line": 64,
          "col": 14,
          "lit": ""
        }
      },
      {
        "key": {
          "type": 0,
          "file": 2,
          "line": 65,
          "col": 3,
          "lit": "sparse-checkout"
        },
        "value": {
          "type": 0,
          "file": 2,
          "line": 69,
          "col": 14,
          "lit": ""
        }
      },
      {
        "key": {
          "type": 0,
          "file": 2,
          "line": 70,
          "col": 3,
          "lit": "sparse-checkout-cone-mode"
        },
        "value": {
          "type": 0,
          "file": 2,
          "line": 73,
          "col": 14,
          "lit": "true"
        }
      },
      {
        "key": {
          "type": 0,
          "file": 2,
          "line": 74,
          "col": 3,
          "lit": "fetch-depth"
        },
        "value": {
          "type": 0,
          "file": 2,
          "line": 76,
          "col": 14,
          "lit": "1"
        }
      },
      {
        "key": {
          "type": 0,
          "file": 2,
          "line": 77,
          "col": 3,
          "lit": "fetch-tags"
        },
        "value": {
          "type": 0,
          "file": 2,
          "line": 79,
          "col": 14,
          "lit": "false"
        }
      },
      {
        "key": {
          "type": 0,
          "file": 2,
          "line": 80,
          "col": 3,
          "lit": "show-progress"
        },
        "value": {
          "type": 0,
          "file": 2,
          "line": 82,
          "col": 14,
          "lit": "true"
        }
      },
      {
        "key": {
          "type": 0,
          "file": 2,
          "line": 83,
          "col": 3,
          "lit": "lfs"
        },
        "value": {
          "type": 0,
          "file": 2,
          "line": 85,
          "col": 14,
          "lit": "false"
        }
      },
      {
        "key": {
          "type": 0,
          "file": 2,
          "line": 86,
          "col": 3,
          "lit": "submodules"
        },
        "value": {
          "type": 0,
          "file": 2,
          "line": 94,
          "col": 14,
          "lit": "false"
        }
      },
      {
        "key": {
          "type": 0,
          "file": 2,
          "line": 95,
          "col": 3,
          "lit": "set-safe-directory"
        },
        "value": {
          "type": 0,
          "file": 2,
          "line": 97,
          "col": 14,
          "lit": "true"
        }
      },
      {
        "key": {
          "type": 0,
          "file": 2,
          "line": 98,
          "col": 3,
          "lit": "github-server-url"
        },
        "value": ""
      }
    ]
  },
  "execution": {
    "executionType": "nodeJS",
    "hasPre": false,
    "hasPost": true,
    "script": "dist/index.js",
    "pre": null,
    "post": "dist/index.js",
    "nodeVersion": "node20",
    "cleanupCondition": "always()",
    "initCondition": "always()"
  },
  "deprecated": null
}
[2026-06-05 13:46:18Z INFO ActionManager] Action pre node.js file: N/A.
[2026-06-05 13:46:18Z INFO ActionManager] Action node.js file: dist/index.js.
[2026-06-05 13:46:18Z INFO ActionManager] Action post node.js file: dist/index.js.
[2026-06-05 13:46:18Z INFO HostContext] Well known directory 'Bin': 'C:\Users\Levi\Desktop\Attachment\SD Seminar\actions-runner\bin'
[2026-06-05 13:46:18Z INFO HostContext] Well known directory 'Root': 'C:\Users\Levi\Desktop\Attachment\SD Seminar\actions-runner'
[2026-06-05 13:46:18Z INFO HostContext] Well known directory 'Work': 'C:\Users\Levi\Desktop\Attachment\SD Seminar\actions-runner\_work'
[2026-06-05 13:46:18Z INFO HostContext] Well known directory 'Temp': 'C:\Users\Levi\Desktop\Attachment\SD Seminar\actions-runner\_work\_temp'
[2026-06-05 13:46:18Z INFO ExecutionContext] Write event payload to C:\Users\Levi\Desktop\Attachment\SD Seminar\actions-runner\_work\_temp\_github_workflow\event.json
[2026-06-05 13:46:18Z INFO HostContext] Well known directory 'Bin': 'C:\Users\Levi\Desktop\Attachment\SD Seminar\actions-runner\bin'
[2026-06-05 13:46:18Z INFO HostContext] Well known directory 'Root': 'C:\Users\Levi\Desktop\Attachment\SD Seminar\actions-runner'
[2026-06-05 13:46:18Z INFO HostContext] Well known directory 'Work': 'C:\Users\Levi\Desktop\Attachment\SD Seminar\actions-runner\_work'
[2026-06-05 13:46:18Z INFO HostContext] Well known directory 'Temp': 'C:\Users\Levi\Desktop\Attachment\SD Seminar\actions-runner\_work\_temp'
[2026-06-05 13:46:18Z INFO ExtensionManager] Getting extensions for interface: 'GitHub.Runner.Worker.IFileCommandExtension'
[2026-06-05 13:46:18Z INFO ActionManifestManagerLegacy] Input 'repository': default value evaluate result: {
  "type": 0,
  "file": 2,
  "line": 6,
  "col": 14,
  "lit": "LeviNjoroge/SD-Seminar"
}
[2026-06-05 13:46:18Z INFO ActionManifestManagerLegacy] Input 'ref': default value evaluate result: ""
[2026-06-05 13:46:18Z INFO ActionManifestManagerLegacy] Input 'token': default value evaluate result: {
  "type": 0,
  "file": 2,
  "line": 24,
  "col": 14,
  "lit": "***"
}
[2026-06-05 13:46:18Z INFO ActionManifestManagerLegacy] Input 'ssh-key': default value evaluate result: ""
[2026-06-05 13:46:18Z INFO ActionManifestManagerLegacy] Input 'ssh-known-hosts': default value evaluate result: ""
[2026-06-05 13:46:18Z INFO ActionManifestManagerLegacy] Input 'ssh-strict': default value evaluate result: {
  "type": 0,
  "file": 2,
  "line": 47,
  "col": 14,
  "lit": "true"
}
[2026-06-05 13:46:18Z INFO ActionManifestManagerLegacy] Input 'ssh-user': default value evaluate result: {
  "type": 0,
  "file": 2,
  "line": 51,
  "col": 14,
  "lit": "git"
}
[2026-06-05 13:46:18Z INFO ActionManifestManagerLegacy] Input 'persist-credentials': default value evaluate result: {
  "type": 0,
  "file": 2,
  "line": 54,
  "col": 14,
  "lit": "true"
}
[2026-06-05 13:46:18Z INFO ActionManifestManagerLegacy] Input 'path': default value evaluate result: ""
[2026-06-05 13:46:18Z INFO ActionManifestManagerLegacy] Input 'clean': default value evaluate result: {
  "type": 0,
  "file": 2,
  "line": 59,
  "col": 14,
  "lit": "true"
}
[2026-06-05 13:46:18Z INFO ActionManifestManagerLegacy] Input 'filter': default value evaluate result: {
  "type": 0,
  "file": 2,
  "line": 64,
  "col": 14,
  "lit": ""
}
[2026-06-05 13:46:18Z INFO ActionManifestManagerLegacy] Input 'sparse-checkout': default value evaluate result: {
  "type": 0,
  "file": 2,
  "line": 69,
  "col": 14,
  "lit": ""
}
[2026-06-05 13:46:18Z INFO ActionManifestManagerLegacy] Input 'sparse-checkout-cone-mode': default value evaluate result: {
  "type": 0,
  "file": 2,
  "line": 73,
  "col": 14,
  "lit": "true"
}
[2026-06-05 13:46:18Z INFO ActionManifestManagerLegacy] Input 'fetch-depth': default value evaluate result: {
  "type": 0,
  "file": 2,
  "line": 76,
  "col": 14,
  "lit": "1"
}
[2026-06-05 13:46:18Z INFO ActionManifestManagerLegacy] Input 'fetch-tags': default value evaluate result: {
  "type": 0,
  "file": 2,
  "line": 79,
  "col": 14,
  "lit": "false"
}
[2026-06-05 13:46:18Z INFO ActionManifestManagerLegacy] Input 'show-progress': default value evaluate result: {
  "type": 0,
  "file": 2,
  "line": 82,
  "col": 14,
  "lit": "true"
}
[2026-06-05 13:46:18Z INFO ActionManifestManagerLegacy] Input 'lfs': default value evaluate result: {
  "type": 0,
  "file": 2,
  "line": 85,
  "col": 14,
  "lit": "false"
}
[2026-06-05 13:46:18Z INFO ActionManifestManagerLegacy] Input 'submodules': default value evaluate result: {
  "type": 0,
  "file": 2,
  "line": 94,
  "col": 14,
  "lit": "false"
}
[2026-06-05 13:46:18Z INFO ActionManifestManagerLegacy] Input 'set-safe-directory': default value evaluate result: {
  "type": 0,
  "file": 2,
  "line": 97,
  "col": 14,
  "lit": "true"
}
[2026-06-05 13:46:18Z INFO ActionManifestManagerLegacy] Input 'github-server-url': default value evaluate result: ""
[2026-06-05 13:46:18Z INFO ExtensionManager] Getting extensions for interface: 'GitHub.Runner.Worker.IActionCommandExtension'
[2026-06-05 13:46:18Z INFO ActionCommandManager] Register action command extension for command internal-set-repo-path
[2026-06-05 13:46:18Z INFO ActionCommandManager] Register action command extension for command set-env
[2026-06-05 13:46:18Z INFO ActionCommandManager] Register action command extension for command set-output
[2026-06-05 13:46:18Z INFO ActionCommandManager] Register action command extension for command save-state
[2026-06-05 13:46:18Z INFO ActionCommandManager] Register action command extension for command add-path
[2026-06-05 13:46:18Z INFO ActionCommandManager] Register action command extension for command add-mask
[2026-06-05 13:46:18Z INFO ActionCommandManager] Register action command extension for command add-matcher
[2026-06-05 13:46:18Z INFO ActionCommandManager] Register action command extension for command remove-matcher
[2026-06-05 13:46:18Z INFO ActionCommandManager] Register action command extension for command warning
[2026-06-05 13:46:18Z INFO ActionCommandManager] Register action command extension for command error
[2026-06-05 13:46:18Z INFO ActionCommandManager] Register action command extension for command notice
[2026-06-05 13:46:18Z INFO ActionCommandManager] Register action command extension for command debug
[2026-06-05 13:46:18Z INFO ActionCommandManager] Register action command extension for command group
[2026-06-05 13:46:18Z INFO ActionCommandManager] Register action command extension for command endgroup
[2026-06-05 13:46:18Z INFO ActionCommandManager] Register action command extension for command echo
[2026-06-05 13:46:18Z INFO HostContext] Well known directory 'Bin': 'C:\Users\Levi\Desktop\Attachment\SD Seminar\actions-runner\bin'
[2026-06-05 13:46:18Z INFO HostContext] Well known directory 'Root': 'C:\Users\Levi\Desktop\Attachment\SD Seminar\actions-runner'
[2026-06-05 13:46:18Z INFO HostContext] Well known directory 'Externals': 'C:\Users\Levi\Desktop\Attachment\SD Seminar\actions-runner\externals'
[2026-06-05 13:46:18Z INFO ProcessInvokerWrapper] Starting process:
[2026-06-05 13:46:18Z INFO ProcessInvokerWrapper]   File name: 'C:\Users\Levi\Desktop\Attachment\SD Seminar\actions-runner\externals\node20\bin\node.exe'
[2026-06-05 13:46:18Z INFO ProcessInvokerWrapper]   Arguments: '"C:\Users\Levi\Desktop\Attachment\SD Seminar\actions-runner\_work\_actions\actions\checkout\v4\dist/index.js"'
[2026-06-05 13:46:18Z INFO ProcessInvokerWrapper]   Working directory: 'C:\Users\Levi\Desktop\Attachment\SD Seminar\actions-runner\_work\SD-Seminar\SD-Seminar'
[2026-06-05 13:46:18Z INFO ProcessInvokerWrapper]   Require exit code zero: 'False'
[2026-06-05 13:46:18Z INFO ProcessInvokerWrapper]   Encoding web name: utf-8 ; code page: '65001'
[2026-06-05 13:46:18Z INFO ProcessInvokerWrapper]   Force kill process on cancellation: 'False'
[2026-06-05 13:46:18Z INFO ProcessInvokerWrapper]   Redirected STDIN: 'False'
[2026-06-05 13:46:18Z INFO ProcessInvokerWrapper]   Persist current code page: 'True'
[2026-06-05 13:46:18Z INFO ProcessInvokerWrapper]   Keep redirected STDIN open: 'False'
[2026-06-05 13:46:18Z INFO ProcessInvokerWrapper]   High priority process: 'False'
[2026-06-05 13:46:18Z INFO ProcessInvokerWrapper] Process started with process id 9096, waiting for process exit.
[2026-06-05 13:46:18Z INFO JobServerQueue] Got a step log file to send to results service.
[2026-06-05 13:46:18Z INFO JobServerQueue] Starting upload of step log file to results service ResultsLog, C:\Users\Levi\Desktop\Attachment\SD Seminar\actions-runner\_diag\blocks\76405bbf-c135-4c1b-a691-858f1084b92b_a201c0ee-11d9-48c9-ba2b-32f0b358e239.1
[2026-06-05 13:46:18Z INFO AddMaskCommandExtension] Add new secret mask with length of 32
[2026-06-05 13:46:18Z INFO JobServerQueue] Try to append 1 batches web console lines for record 'a201c0ee-11d9-48c9-ba2b-32f0b358e239', success rate: 1/1.
[2026-06-05 13:46:18Z INFO JobServerQueue] Try to append 1 batches web console lines for record '24f0e5eb-18b8-40c4-8893-a02f2c28a878', success rate: 1/1.
[2026-06-05 13:46:19Z INFO JobServerQueue] Try to upload 1 log files or attachments, success rate: 1/1.
[2026-06-05 13:46:19Z INFO JobServerQueue] Tried to upload 1 file(s) to results, success rate: 1/1.
[2026-06-05 13:46:19Z INFO JobServerQueue] Try to append 1 batches web console lines for record '24f0e5eb-18b8-40c4-8893-a02f2c28a878', success rate: 1/1.
[2026-06-05 13:46:20Z INFO JobServerQueue] Try to append 1 batches web console lines for record '24f0e5eb-18b8-40c4-8893-a02f2c28a878', success rate: 1/1.
[2026-06-05 13:46:21Z INFO ProcessInvokerWrapper] STDOUT/STDERR stream read finished.
[2026-06-05 13:46:21Z INFO ProcessInvokerWrapper] STDOUT/STDERR stream read finished.
[2026-06-05 13:46:21Z INFO ProcessInvokerWrapper] Finished process 9096 with exit code 0, and elapsed time 00:00:03.0605089.
[2026-06-05 13:46:21Z INFO CreateStepSummaryCommand] Step Summary file (C:\Users\Levi\Desktop\Attachment\SD Seminar\actions-runner\_work\_temp\_runner_file_commands\step_summary_883b1aa5-6197-46f6-af1b-e486a743be80) is empty; skipping attachment upload
[2026-06-05 13:46:21Z INFO StepsRunner] Step result: 
[2026-06-05 13:46:21Z INFO ExecutionContext] Publish step telemetry for current step {
  "action": "actions/checkout",
  "ref": "v4",
  "type": "node20",
  "stage": "Post",
  "stepId": "24f0e5eb-18b8-40c4-8893-a02f2c28a878",
  "result": "succeeded",
  "errorMessages": [],
  "executionTimeInSeconds": 4,
  "startTime": "2026-06-05T13:46:18.4744591Z",
  "finishTime": "2026-06-05T13:46:21.5650901Z"
}.
[2026-06-05 13:46:21Z INFO StepsRunner] No need for updating job result with current step result 'Succeeded'.
[2026-06-05 13:46:21Z INFO StepsRunner] Current state: job state = 'Failed'
[2026-06-05 13:46:21Z INFO JobRunner] Finalize job.
[2026-06-05 13:46:21Z INFO HostContext] Well known directory 'Bin': 'C:\Users\Levi\Desktop\Attachment\SD Seminar\actions-runner\bin'
[2026-06-05 13:46:21Z INFO HostContext] Well known directory 'Root': 'C:\Users\Levi\Desktop\Attachment\SD Seminar\actions-runner'
[2026-06-05 13:46:21Z INFO HostContext] Well known directory 'Diag': 'C:\Users\Levi\Desktop\Attachment\SD Seminar\actions-runner\_diag'
[2026-06-05 13:46:21Z INFO HostContext] Well known directory 'Bin': 'C:\Users\Levi\Desktop\Attachment\SD Seminar\actions-runner\bin'
[2026-06-05 13:46:21Z INFO HostContext] Well known directory 'Root': 'C:\Users\Levi\Desktop\Attachment\SD Seminar\actions-runner'
[2026-06-05 13:46:21Z INFO HostContext] Well known directory 'Diag': 'C:\Users\Levi\Desktop\Attachment\SD Seminar\actions-runner\_diag'
[2026-06-05 13:46:21Z INFO JobExtension] Initialize Env context
[2026-06-05 13:46:21Z INFO JobExtension] Initialize steps context
[2026-06-05 13:46:21Z INFO JobExtension] Total accessible running process: 253.
[2026-06-05 13:46:21Z INFO JobExtension] Inspecting process environment variables. PID: 6960 (SearchProtocolHost)
[2026-06-05 13:46:21Z WARN JobExtension] Ignore exception during read process environment variables: Access is denied.
[2026-06-05 13:46:21Z INFO JobExtension] Inspecting process environment variables. PID: 6612 (SearchFilterHost)
[2026-06-05 13:46:21Z WARN JobExtension] Ignore exception during read process environment variables: Access is denied.
[2026-06-05 13:46:21Z INFO JobExtension] Inspecting process environment variables. PID: 14932 (dllhost)
[2026-06-05 13:46:21Z INFO JobExtension] Wait for all connectivity checks to finish.
[2026-06-05 13:46:21Z INFO JobExtension] Connectivity check result: GitHub.Runner.Worker.JobExtension+CheckResult
[2026-06-05 13:46:21Z INFO JobExtension] Connectivity check result: GitHub.Runner.Worker.JobExtension+CheckResult
[2026-06-05 13:46:21Z INFO JobExtension] Connectivity check result: GitHub.Runner.Worker.JobExtension+CheckResult
[2026-06-05 13:46:21Z INFO ExecutionContext] Publish step telemetry for current step {
  "action": "complete_job",
  "type": "runner",
  "stage": "Post",
  "stepId": "41561958-3ca4-40a4-b910-3f8293495f07",
  "result": "succeeded",
  "errorMessages": [
    "Node.js 20 actions are deprecated. The following actions are running on Node.js 20 and may not work as expected: actions/checkout@v4. Actions will be forced to run with Node.js 24 by default starting June 16th, 2026. Node.js 20 will be removed from the run"
  ],
  "executionTimeInSeconds": 1,
  "startTime": "2026-06-05T13:46:21.5739075Z",
  "finishTime": "2026-06-05T13:46:21.6303239Z"
}.
[2026-06-05 13:46:21Z INFO JobRunner] Job result after all job steps finish: Failed
[2026-06-05 13:46:21Z INFO JobRunner] Completing the job execution context.
[2026-06-05 13:46:21Z INFO JobRunner] Shutting down the job server queue.
[2026-06-05 13:46:21Z INFO JobServerQueue] Fire signal to shutdown all queues.
[2026-06-05 13:46:22Z INFO JobServerQueue] All queue process task stopped.
[2026-06-05 13:46:22Z INFO JobServerQueue] Try to append 1 batches web console lines for record '41561958-3ca4-40a4-b910-3f8293495f07', success rate: 1/1.
[2026-06-05 13:46:22Z INFO JobServerQueue] Web console line queue drained.
[2026-06-05 13:46:22Z INFO JobServerQueue] Uploading 3 files in one shot.
[2026-06-05 13:46:22Z INFO JobServerQueue] Try to upload 3 log files or attachments, success rate: 3/3.
[2026-06-05 13:46:22Z INFO JobServerQueue] File upload queue drained.
[2026-06-05 13:46:22Z INFO JobServerQueue] Starting results-based upload queue...
[2026-06-05 13:46:22Z INFO JobServerQueue] Uploading 3 file(s) in one shot through results service.
[2026-06-05 13:46:22Z INFO JobServerQueue] Got a step log file to send to results service.
[2026-06-05 13:46:22Z INFO JobServerQueue] Starting upload of step log file to results service ResultsLog, C:\Users\Levi\Desktop\Attachment\SD Seminar\actions-runner\_diag\blocks\76405bbf-c135-4c1b-a691-858f1084b92b_24f0e5eb-18b8-40c4-8893-a02f2c28a878.1
[2026-06-05 13:46:23Z INFO JobServerQueue] Got a step log file to send to results service.
[2026-06-05 13:46:23Z INFO JobServerQueue] Starting upload of step log file to results service ResultsLog, C:\Users\Levi\Desktop\Attachment\SD Seminar\actions-runner\_diag\blocks\76405bbf-c135-4c1b-a691-858f1084b92b_41561958-3ca4-40a4-b910-3f8293495f07.1
[2026-06-05 13:46:24Z INFO JobServerQueue] Got a job log file to send to results service.
[2026-06-05 13:46:24Z INFO JobServerQueue] Starting upload of job log file to results service ResultsLog, C:\Users\Levi\Desktop\Attachment\SD Seminar\actions-runner\_diag\blocks\76405bbf-c135-4c1b-a691-858f1084b92b_372ccbc6-8c56-55a9-b6e3-a403b23b0f31.1
[2026-06-05 13:46:25Z INFO JobServerQueue] Tried to upload 3 file(s) to results, success rate: 3/3.
[2026-06-05 13:46:25Z INFO JobServerQueue] Results upload queue drained.
[2026-06-05 13:46:25Z INFO JobServerQueue] Timeline update queue drained.
[2026-06-05 13:46:25Z INFO JobServerQueue] Disposing job server ...
[2026-06-05 13:46:25Z INFO JobServerQueue] Disposing results server ...
[2026-06-05 13:46:25Z INFO JobServerQueue] All queue process tasks have been stopped, and all queues are drained.
[2026-06-05 13:46:25Z INFO TempDirectoryManager] Cleaning runner temp folder: C:\Users\Levi\Desktop\Attachment\SD Seminar\actions-runner\_work\_temp
[2026-06-05 13:46:25Z INFO HostContext] Well known directory 'Bin': 'C:\Users\Levi\Desktop\Attachment\SD Seminar\actions-runner\bin'
[2026-06-05 13:46:25Z INFO HostContext] Well known directory 'Root': 'C:\Users\Levi\Desktop\Attachment\SD Seminar\actions-runner'
[2026-06-05 13:46:25Z INFO HostContext] Well known directory 'Diag': 'C:\Users\Levi\Desktop\Attachment\SD Seminar\actions-runner\_diag'
[2026-06-05 13:46:25Z INFO HostContext] Well known config file 'Telemetry': 'C:\Users\Levi\Desktop\Attachment\SD Seminar\actions-runner\_diag\.telemetry'
[2026-06-05 13:46:25Z INFO JobRunner] Raising job completed against run service
[2026-06-05 13:46:26Z INFO Worker] Job completed.
